name,Label,1,2,3,4,5,6,7,8,9,10,11,12,13,14,15,16,17,18,19,20,21,22,23,24,25,26,27,28,29,30,31,32,33,34,35,36,37,38,39,40,41,42,43,44,45,46,47,48,49,50,51,52,53,54,55,56,57,58,59,60,61,62,63,64,65,66,67,68,69,70,71,72,73,74,75,76,77,78,79,80,81,82,83,84,85,86,87,88,89,90,91,92,93,94,95,96,97,98,99,100,101,102,103,104,105,106,107,108,109,110,111,112,113,114,115,116,117,118,119,120,121,122,123,124,125,126,127,128,129,130,131,132,133,134,135,136,137,138,139,140,141,142,143,144,145,146,147,148,149,150,151,152
4B2G1,0,258.054229,255.299691,278.492955,275.258838,289.347566,287.247927,286.058176,296.438676,301.039143,300.781714,307.305851,308.219676,312.550444,311.666707,315.616756,318.54106,322.457927,326.558636,330.949427,336.52842,343.795531,352.501566,359.595675,372.104547,385.386363,400.215034,417.191463,435.551443,456.392686,479.043834,502.863856,525.278621,546.064559,569.402528,590.814032,610.02003,631.463268,645.703143,662.827381,676.304425,692.487642,701.059479,714.69592,726.892119,736.273264,750.017128,754.658096,768.863902,776.687184,788.905898,804.369018,817.718401,826.628226,840.257156,857.164582,869.526184,892.683001,906.321917,929.399912,950.129609,971.401263,996.774366,1022.183177,1050.48921,1081.062959,1115.008122,1150.355076,1186.179022,1229.840348,1273.028162,1318.953659,1373.954954,1429.456289,1488.486898,1554.192722,1621.410075,-7.637512,-17.882566,-18.88002,-15.963164,-28.062849,-26.796648,-32.585536,-33.791812,-34.728174,-35.632715,-40.781186,-39.220288,-44.296644,-50.051774,-54.547519,-58.196081,-63.004504,-69.321829,-77.043239,-84.527607,-92.286639,-102.064143,-112.278786,-122.381571,-134.632903,-145.476363,-155.510426,-164.751788,-173.380739,-178.868909,-182.148417,-184.163547,-184.528251,-183.120481,-179.978976,-176.444011,-172.691309,-166.758774,-162.850369,-158.341762,-154.794219,-150.359119,-149.933883,-148.880951,-148.662968,-149.630926,-151.171579,-154.753731,-158.841222,-164.456802,-171.685759,-179.858424,-188.309933,-198.602741,-210.303164,-222.809706,-238.108383,-253.443475,-271.928367,-291.199276,-310.657357,-333.82623,-358.412044,-385.691809,-413.945776,-446.643641,-480.926125,-517.414333,-556.60644,-601.124156,-644.526248,-697.911593,-748.229347,-809.833888,-873.91372,-939.173631
4B2G2,0,265.889417,268.070214,273.756991,285.190244,278.425655,290.343261,291.549875,293.650884,302.007319,302.937744,307.623085,308.726228,312.36686,313.926497,315.542666,319.353956,321.578311,325.715492,332.926516,337.591797,344.365325,352.140558,361.368753,373.234557,385.98353,400.15117,416.53993,434.585374,454.231103,473.465402,495.040706,515.002786,533.104038,553.42518,571.197223,587.570113,605.252644,617.180056,632.894524,643.44767,658.467069,665.649416,678.500589,688.513518,698.494425,709.91789,715.749179,729.397225,737.537785,749.977201,764.999635,778.538073,786.841229,802.203797,818.728122,832.504082,854.106887,868.286302,891.958673,914.543033,933.705589,959.600839,985.310997,1015.67043,1045.814188,1078.445543,1114.838945,1152.685882,1193.002843,1240.037686,1286.636198,1340.777822,1398.344202,1459.122467,1521.91404,1591.088157,-1.442231,-8.178549,-19.668173,-31.345511,-24.872765,-29.373969,-32.778728,-33.946349,-35.774393,-37.00243,-38.83292,-40.813726,-42.697914,-50.188272,-53.531915,-57.959633,-61.398864,-68.146563,-74.174223,-80.949704,-88.714263,-97.388223,-107.055272,-116.350701,-126.589959,-134.600626,-143.546693,-151.385298,-157.284443,-161.467711,-161.754886,-162.757898,-162.222781,-160.562627,-157.684824,-153.483263,-150.555389,-146.21228,-142.716512,-140.192525,-138.663305,-136.254942,-136.195778,-136.064148,-137.290061,-139.29619,-141.767039,-146.480785,-151.231897,-157.755187,-165.196652,-173.716234,-182.187151,-193.351082,-205.925041,-218.407697,-233.353723,-248.696214,-267.65532,-287.539888,-307.134865,-330.66767,-354.995441,-381.914011,-411.075287,-442.97806,-476.174645,-513.92529,-553.569391,-595.934802,-645.748706,-693.064761,-746.334966,-805.891362,-868.521953,-936.495019
4B2G3,0,267.31704,266.457742,276.33331,275.422582,286.875938,282.889769,294.983758,298.717685,299.294251,304.118634,306.914752,307.746617,312.053826,312.98162,315.565961,318.392438,320.380581,325.886717,331.639717,336.91675,344.825276,351.980827,362.666908,373.001221,386.11149,400.497732,416.445513,434.784045,453.740212,474.013043,495.816619,515.021729,533.783735,553.132581,571.884771,588.090157,605.66845,617.216237,633.634046,644.347827,659.363746,667.202668,678.809506,690.434302,698.990438,711.771366,717.065798,732.98238,737.100918,754.682286,767.995,780.744734,793.060885,804.29457,821.058375,834.994829,853.782375,871.606145,892.523786,918.327935,939.372403,963.02086,990.987766,1019.343345,1049.163024,1082.291878,1119.87886,1157.876341,1199.324194,1244.14695,1289.301086,1343.073718,1401.37562,1460.044655,1526.290287,1595.336514,5.45066,-19.406723,-14.698723,-15.720622,-21.203374,-31.228711,-38.040991,-32.855933,-32.146652,-34.461774,-38.690485,-38.731655,-42.756092,-49.714749,-53.825775,-56.66758,-61.622221,-66.985437,-74.625753,-82.025308,-88.871006,-96.603806,-106.557059,-116.705553,-125.879213,-135.256733,-143.187009,-151.434548,-157.696721,-161.798604,-162.308598,-162.893882,-162.676261,-161.292975,-158.521355,-154.481585,-150.743016,-146.984237,-143.685481,-140.675547,-138.252099,-135.860947,-136.05795,-136.079033,-137.505771,-139.679074,-142.429096,-146.42679,-151.279489,-157.930536,-166.240327,-174.445138,-183.29891,-193.749197,-206.118316,-218.086144,-233.263855,-249.604735,-266.987474,-286.228043,-307.415946,-330.214762,-355.871152,-381.961941,-411.062107,-442.211408,-476.018222,-513.905063,-553.127799,-598.583832,-647.198454,-693.352528,-746.977428,-809.065637,-868.628144,-934.826551
5B2G1,0,212.903101,210.175292,226.393328,227.735508,227.905214,226.830447,234.864804,238.059197,239.78233,242.30753,242.449995,245.144069,246.902546,247.161169,249.617437,253.101253,255.812116,259.074314,263.4009,268.756561,273.469491,279.641616,287.528744,297.754169,309.439468,322.954217,340.3438,360.622306,384.195765,410.69393,441.665504,475.710257,509.572124,546.832893,585.425779,622.797572,661.770268,694.808409,731.647309,760.357453,791.970562,812.882381,839.078613,860.047419,878.641809,900.843971,911.073514,934.175939,943.864211,966.91609,984.371985,1001.430023,1015.572874,1031.070718,1051.710938,1067.290834,1092.513766,1106.38887,1132.770432,1164.798603,1178.914018,1208.031879,1235.515889,1266.64493,1297.745721,1333.69244,1371.903254,1410.282131,1453.867569,1500.5712,1552.229324,1603.754432,1657.595732,1718.095555,1786.569156,1860.321161,31.180677,9.248348,1.797248,-9.62257,-15.56663,-12.741549,-16.75412,-20.810019,-22.957683,-23.440381,-27.314363,-32.124232,-35.772769,-43.495338,-48.646135,-53.455705,-60.459826,-68.384817,-75.317321,-84.857989,-95.248676,-107.842441,-121.351647,-136.98931,-152.646866,-170.192341,-188.015997,-207.219952,-225.204265,-243.267589,-257.058154,-271.559244,-282.747613,-290.061667,-295.150553,-294.814444,-293.246183,-286.643019,-279.45059,-270.748573,-261.150589,-250.865237,-242.184112,-235.045753,-227.087199,-221.922356,-216.494063,-214.461407,-212.795272,-214.52056,-216.692889,-220.930236,-225.906026,-233.001759,-242.335711,-252.532178,-264.438875,-278.304724,-294.241212,-313.781573,-331.621141,-353.925247,-377.18001,-403.631793,-432.395601,-464.771568,-497.688861,-533.446622,-574.900344,-618.362806,-661.530112,-715.599218,-763.904916,-828.649349,-892.150869,-961.433643
5B2G2,0,221.899819,225.236656,231.569179,227.623338,227.167721,228.394387,234.24144,240.874936,242.433512,243.288008,244.254403,247.55388,247.395538,248.674973,250.999052,253.904835,255.886406,259.296735,264.077086,268.157361,274.035073,280.118267,287.625684,297.383089,308.325725,323.066269,338.721075,359.078762,382.109433,408.682372,441.251015,473.535945,507.712976,544.560383,583.898404,622.006361,660.6147,692.731743,727.519995,754.69166,785.807863,805.9953,830.222855,849.403206,866.617888,885.509807,895.559648,917.156297,923.025354,946.274151,961.21804,975.993727,991.005851,1001.560925,1020.826636,1035.551295,1052.012591,1073.304101,1095.779971,1124.606108,1142.818274,1169.696136,1198.949917,1226.401038,1256.926485,1292.432303,1328.649526,1367.486836,1412.839842,1455.563596,1509.125504,1558.480716,1618.378693,1679.209699,1742.558993,1817.636266,13.757033,16.006016,4.838346,-7.328187,-3.099127,-15.150163,-14.99949,-18.744737,-21.804431,-27.439288,-27.470009,-32.572334,-36.550561,-42.658949,-48.24759,-52.828191,-60.635088,-67.823919,-76.287172,-85.576796,-95.681574,-107.667619,-122.01779,-135.850131,-153.372713,-169.910905,-188.626312,-206.885892,-225.92224,-243.598771,-257.815993,-271.65382,-282.288521,-290.382769,-293.054002,-293.653731,-291.357716,-284.030485,-276.061851,-266.099492,-257.042265,-245.034032,-236.442821,-228.551836,-221.185183,-214.531717,-209.662338,-208.513019,-205.849166,-207.511134,-210.322963,-214.54973,-219.599437,-226.940142,-236.153055,-246.158076,-257.850287,-273.480868,-288.768558,-307.259855,-326.61079,-348.823354,-373.528509,-398.587115,-427.365188,-459.020245,-493.1892,-531.194995,-568.755989,-613.980897,-658.853047,-709.760265,-764.314536,-825.11452,-887.944195,-955.907854
5B2G3,0,220.502312,213.891535,224.601281,228.974124,225.447715,231.434041,239.456173,239.441063,240.501747,244.019913,246.127711,246.616145,248.326054,249.404064,251.059362,253.899151,255.79022,259.230123,263.293557,268.806099,274.380399,279.387077,287.639415,297.878926,309.079152,322.654877,339.295185,359.994808,382.431923,409.201433,440.203114,472.530536,505.394427,542.712001,579.063564,615.474426,652.891006,683.705926,716.812899,744.044036,772.335897,792.107639,815.788765,834.255893,849.822626,870.454234,879.95055,900.549128,906.899393,929.54607,945.145093,960.740923,973.851836,985.677673,1005.98914,1019.943294,1038.888021,1058.575266,1082.129525,1113.035892,1128.751118,1156.076549,1184.428598,1213.617642,1245.502727,1279.783843,1314.671792,1356.040315,1400.229586,1444.138,1498.384197,1549.591267,1597.678355,1666.465874,1733.629815,1808.492488,13.569641,12.093943,6.705432,-7.568998,-11.84198,-10.779592,-16.2566,-18.518412,-19.33586,-25.571459,-28.57307,-31.134681,-35.951154,-43.635635,-48.468524,-52.773385,-58.762604,-67.650939,-75.141845,-84.201954,-94.694694,-104.986897,-120.678069,-133.913362,-150.021103,-167.249807,-185.298856,-203.733765,-220.065171,-238.238732,-251.566621,-264.045623,-274.184386,-280.45263,-283.913334,-282.140628,-281.042151,-273.467035,-265.368589,-256.039505,-246.357198,-236.29282,-228.943118,-219.891001,-214.167219,-208.936129,-204.787618,-202.992851,-201.322131,-203.561896,-206.682721,-211.237103,-216.755652,-224.054936,-233.621887,-244.451885,-256.394103,-270.886816,-286.576403,-306.355667,-325.421321,-347.344832,-372.341464,-397.440867,-427.228934,-458.217166,-491.884497,-529.020949,-569.316502,-613.282782,-657.10485,-705.684757,-759.551756,-819.383631,-886.026263,-955.345317
6B2G1,0,166.994919,173.720397,184.319214,169.568196,173.209868,176.531726,179.866211,179.617042,183.928413,185.82301,186.448726,188.365823,190.58088,191.496255,193.658663,196.213892,197.829232,202.141756,206.623249,210.485239,217.460715,223.753763,231.397767,242.066617,253.484118,267.063133,283.238176,301.399056,323.487312,345.829639,372.124112,399.069947,425.80291,454.22823,481.443927,506.881386,534.494371,555.882992,578.496945,596.805927,617.54516,630.487241,648.152,663.510642,675.591631,691.635857,698.350256,714.895786,723.091844,738.396528,753.375797,767.340038,779.73744,791.897444,809.805687,823.227581,845.046129,857.864576,886.388664,907.701098,924.995049,952.331322,974.628429,1006.544247,1036.060255,1069.749284,1104.927899,1143.313807,1186.08471,1227.974323,1277.456255,1326.742748,1385.937063,1446.171801,1508.996567,1581.810931,39.426126,31.697263,26.155975,13.399463,11.368992,5.292437,-3.064325,-6.021918,-10.804322,-15.055894,-20.415336,-23.337401,-28.941017,-36.148376,-41.759497,-46.421525,-53.189616,-60.083832,-68.739123,-77.124058,-86.18392,-96.760055,-109.287178,-121.380179,-134.593112,-148.440979,-161.315923,-174.898009,-187.567304,-198.267459,-205.900433,-214.026998,-217.936718,-219.334765,-220.431777,-216.852657,-214.556488,-208.117123,-202.487898,-195.786701,-190.872398,-183.815179,-180.424953,-177.723195,-174.642074,-174.367634,-172.718801,-174.634307,-176.358589,-180.739086,-186.585303,-192.859086,-201.050309,-209.24951,-221.097263,-231.975154,-245.29083,-260.62859,-279.051538,-297.264262,-316.017918,-338.761944,-361.646166,-389.346591,-417.68815,-448.387444,-482.450458,-518.868079,-558.032603,-599.99281,-646.753096,-696.536539,-749.89403,-810.237207,-870.10583,-937.009022
6B2G2,0,179.069446,182.063192,171.948503,169.270854,183.16196,179.863683,183.720984,182.069063,184.874057,185.676217,187.904252,189.692298,191.194394,191.799864,192.723717,196.458962,198.458465,202.60658,206.752555,211.201473,217.900967,224.307767,232.99577,242.731195,254.353219,268.179846,283.81767,302.889665,323.932194,346.254893,371.539954,396.817335,421.16277,447.467606,472.901601,496.235585,520.075448,539.865268,561.629815,576.977936,596.578468,608.140129,623.237568,637.866349,648.926491,663.543759,670.643332,686.441201,694.598583,710.040249,724.003262,737.802074,750.808624,760.94738,778.449921,792.831171,815.260399,829.147579,854.761015,883.487316,897.92496,922.970292,951.210762,980.490579,1008.937861,1042.187086,1078.120892,1117.670188,1158.491971,1202.904015,1254.10572,1302.990994,1353.063648,1417.154498,1484.556242,1556.644573,39.748154,35.084574,22.171536,18.424479,8.622677,4.453238,-0.981227,-8.169103,-9.866509,-12.574541,-18.939954,-23.372685,-28.851607,-34.954518,-40.375315,-46.160217,-52.011142,-59.816113,-67.454228,-75.567246,-85.630094,-95.296879,-107.163005,-119.137514,-131.42237,-144.409645,-156.521175,-169.087892,-179.519505,-189.348923,-195.10252,-201.642256,-204.11396,-205.265011,-204.304603,-199.862679,-197.101572,-190.755976,-185.87114,-180.100904,-175.903463,-170.292034,-167.653483,-164.908501,-163.758265,-163.095993,-163.374388,-166.396666,-168.659037,-173.779194,-179.921877,-186.904993,-195.090224,-203.92657,-215.574304,-227.593633,-241.254625,-256.777175,-274.158304,-294.255095,-313.263532,-335.255285,-360.567469,-386.409426,-415.794119,-446.328478,-480.207887,-515.846105,-556.119359,-598.082559,-644.962626,-692.427339,-745.113481,-804.992183,-867.303554,-936.053654
6B2G3,0,168.634859,182.526111,178.645987,174.20165,177.740081,179.415386,182.875435,184.372091,187.362054,184.120978,186.311151,189.672126,191.234191,191.567943,193.564612,196.921633,198.749501,202.779498,207.487732,211.930588,218.078747,224.896871,233.177985,243.394304,255.36857,269.687907,285.396412,303.294722,323.571415,346.671982,371.778063,396.369689,419.601798,445.856315,469.393177,492.534097,515.82055,534.319189,554.16271,569.975213,588.202186,599.530878,614.706124,627.794641,638.257366,651.729218,660.016859,676.541518,682.807599,701.298311,713.803434,727.639879,741.149722,752.329959,769.710694,785.184753,805.014299,818.832887,844.152933,874.097633,889.177486,913.681267,939.663031,970.292737,998.720353,1033.178115,1069.806157,1108.230863,1148.505388,1195.82903,1241.182654,1291.971392,1352.350793,1413.387852,1477.262983,1546.251916,44.781799,35.596595,20.651033,10.656912,7.358867,5.713908,-2.628633,-8.095218,-7.578093,-15.10657,-18.354729,-22.245323,-28.209135,-35.030278,-41.175125,-46.008041,-52.812536,-59.590802,-67.52681,-75.612086,-84.971856,-95.41078,-106.391577,-117.987815,-129.877203,-142.636575,-154.933758,-166.296678,-176.402675,-185.515779,-190.302805,-195.413431,-198.2516,-198.480672,-197.152816,-193.517278,-190.349046,-184.232379,-180.146521,-174.433707,-170.492743,-165.455645,-162.586303,-160.575271,-159.896729,-159.898136,-160.625812,-163.822546,-165.574832,-171.260224,-177.651284,-184.573168,-193.465138,-202.414202,-214.370692,-226.933418,-240.20738,-255.011559,-273.104041,-293.418532,-312.028253,-334.126298,-359.397851,-385.069457,-412.863871,-444.64948,-478.532065,-513.481189,-554.749381,-595.403552,-643.379815,-693.947725,-743.712278,-799.876932,-865.388511,-931.480367
4B2G5A1,1,259.931286,259.018808,266.88761,284.159187,285.043945,286.612288,294.971474,297.341141,304.183294,302.675339,305.645915,309.180849,311.161716,310.845077,313.014181,317.062574,319.439926,323.519876,326.576497,330.635252,337.344416,343.801657,351.036478,361.589165,372.626794,386.555365,403.708051,424.055949,447.053003,473.6555,504.473671,535.170321,568.096519,605.089862,639.03719,673.790653,709.47586,737.551903,769.980375,793.68488,821.508042,838.17883,860.018103,877.777015,893.227315,911.659038,918.537981,938.229753,943.989945,963.820977,977.81955,992.497007,1003.696268,1015.253824,1033.547128,1045.251847,1068.416795,1082.573527,1107.907648,1135.259342,1148.567775,1175.347447,1203.266767,1231.046029,1259.347654,1294.347853,1328.566541,1367.558381,1408.649686,1453.759633,1499.587829,1552.491486,1607.21773,1661.491716,1729.294204,1802.559756,2.024821,-10.39266,-20.537527,-26.886624,-22.555581,-30.201567,-33.568747,-35.812306,-33.493891,-40.575618,-38.182414,-42.332687,-43.954126,-50.329457,-55.078642,-58.71546,-65.82357,-71.312121,-79.874412,-88.104255,-98.273695,-107.888078,-122.329909,-136.85513,-153.449617,-168.576685,-186.189896,-203.409659,-218.94164,-236.355072,-248.666838,-260.358209,-268.359194,-273.851616,-277.070782,-275.325087,-271.126579,-264.503731,-256.268763,-247.107152,-238.069764,-228.483246,-221.629744,-214.510346,-207.873294,-204.074032,-199.305927,-198.405499,-197.9583,-200.429185,-203.968349,-208.609431,-214.858606,-221.969934,-232.218032,-242.216435,-255.367724,-269.914675,-286.774447,-305.231418,-324.332946,-345.86957,-371.525905,-397.472998,-424.713645,-456.222342,-490.180729,-528.25143,-566.761057,-609.479862,-656.354703,-705.810755,-759.19195,-817.707113,-881.092517,-949.328772
4B2G5A2,1,263.465985,266.430475,283.556622,278.29801,285.139292,285.085764,289.287958,298.208654,300.964544,302.78916,303.546035,306.722571,309.81232,310.640192,311.640238,316.109664,319.303284,322.85554,327.518237,331.692772,338.811244,344.290293,353.592984,363.407832,375.40071,390.753963,407.190159,427.207276,449.309728,473.481635,501.742827,529.861183,559.551368,589.767688,619.038434,646.772478,675.919588,697.978561,723.832367,742.978337,765.427459,779.239974,797.236181,811.38947,825.284793,841.285915,848.116838,865.933991,872.200475,890.818321,905.180949,919.036076,930.138548,942.665416,960.417596,973.899717,996.424483,1012.030125,1036.216976,1063.19657,1078.476037,1105.819383,1133.27065,1162.071455,1191.954843,1226.100005,1261.615508,1299.791417,1342.195859,1388.034153,1431.39569,1487.295667,1543.358715,1605.39006,1669.478675,1742.976569,6.336561,-14.183963,-17.614729,-33.519183,-27.170741,-29.844923,-27.977971,-33.473825,-36.111271,-36.242678,-38.058236,-41.274693,-43.686821,-50.952417,-54.525855,-58.979454,-63.869161,-65.340126,-76.12141,-86.19287,-93.850282,-105.247512,-117.404396,-129.90198,-142.993411,-158.611078,-172.709601,-186.694964,-199.67317,-211.674103,-220.186264,-227.489343,-230.824272,-234.998813,-233.909023,-230.330318,-227.756696,-220.210369,-213.645672,-205.386774,-200.095896,-192.747482,-187.488948,-183.445879,-180.148656,-177.529475,-176.392697,-177.934408,-178.34842,-182.708587,-187.22666,-194.22273,-201.302283,-209.343037,-220.389965,-231.501263,-245.758343,-259.578042,-277.155983,-296.294591,-314.753945,-337.257312,-362.00617,-387.450923,-416.567817,-447.127359,-481.351826,-518.975775,-557.323,-599.375889,-646.00426,-695.888962,-749.307574,-808.417819,-870.995455,-939.758479
4B2G5A3,1,265.750245,266.41747,272.312285,276.05522,276.781389,288.010297,291.824103,293.725714,299.561052,301.329142,303.310613,303.807501,308.462322,310.183718,312.885912,316.545369,318.250694,322.499709,327.070097,332.517347,338.325982,344.788856,353.370394,364.102606,377.350492,390.382705,407.402214,427.823029,449.482554,474.14752,502.206393,528.602381,557.117339,587.042902,615.077976,641.318862,669.481841,691.717876,715.985041,734.433259,755.949922,769.797576,787.065262,801.382629,813.61353,829.904611,836.93283,855.320279,860.834828,881.370749,896.107381,909.856622,922.859966,933.983535,953.445161,966.920574,986.003758,1002.545735,1025.30273,1053.013517,1073.786796,1097.184696,1125.405627,1153.961699,1184.048939,1217.072638,1253.242806,1291.220583,1333.667771,1379.161462,1431.081464,1479.870297,1539.550504,1598.369502,1663.035235,1731.393417,-3.430614,-18.848773,-19.551191,-30.738001,-26.211128,-29.940947,-30.211781,-35.399605,-36.784842,-36.891348,-38.650215,-41.237367,-44.054951,-49.843629,-54.22299,-57.457226,-62.971598,-69.136192,-76.795221,-86.041454,-93.455975,-104.134138,-115.983175,-128.777339,-141.984643,-156.828876,-169.96961,-183.916025,-195.883689,-206.993048,-214.433534,-222.563286,-225.141879,-228.761226,-226.595296,-222.323276,-219.640388,-212.264501,-206.564356,-199.707709,-193.023813,-186.632675,-182.530183,-178.621435,-175.401525,-174.094364,-172.827388,-175.040103,-176.007009,-180.429788,-186.099213,-192.473653,-200.018881,-208.868595,-219.167524,-230.946224,-243.840317,-258.638168,-275.357159,-293.91589,-314.659252,-336.569715,-361.104238,-387.091183,-415.804282,-445.811599,-481.534079,-517.872886,-557.004022,-598.301912,-639.959429,-694.838264,-750.571803,-807.875141,-870.522366,-936.63372
5B2G5A1,1,214.016295,227.533925,223.988088,230.301514,225.777366,232.949359,236.923873,240.970321,242.993578,241.422298,245.631838,249.817333,249.93032,249.739527,251.79256,253.950193,256.129655,260.004161,262.149143,266.209285,271.705362,275.763367,282.888768,292.174878,300.314253,312.514621,327.170057,345.000501,366.021205,392.82157,424.756707,461.195005,500.974311,547.886335,598.527089,652.57663,712.298353,765.383997,822.488654,872.737118,925.795987,966.560744,1008.123965,1044.375473,1074.270686,1106.916851,1123.130098,1152.114205,1165.429782,1191.650773,1212.289514,1230.743836,1246.412391,1259.491202,1280.851426,1296.354251,1320.509136,1335.687226,1366.318968,1395.263313,1406.168157,1435.312361,1461.869882,1495.161018,1525.571411,1560.843593,1598.672669,1637.685634,1679.769162,1726.204722,1776.81051,1830.564979,1888.452232,1950.788041,2015.124935,2083.903818,26.992942,16.858203,6.976012,-3.228544,-2.622748,-9.812323,-14.092152,-19.891211,-21.238854,-26.622815,-30.909723,-32.718178,-39.109173,-44.242931,-49.367323,-54.400307,-61.477824,-69.064966,-77.973886,-88.281532,-98.883077,-112.225601,-127.153374,-140.694341,-163.437936,-184.751288,-206.6204,-231.84163,-257.734057,-285.516829,-311.900549,-338.67501,-363.806426,-388.032172,-406.160466,-419.39186,-428.187189,-427.572466,-423.580015,-413.951299,-403.333302,-384.276435,-368.542289,-352.12799,-335.502661,-318.676896,-304.607155,-292.940148,-281.922673,-276.036312,-271.759092,-269.342661,-268.311403,-269.870684,-275.904467,-280.441676,-290.352765,-300.865851,-315.610906,-331.930812,-347.822126,-368.303045,-392.515745,-415.496264,-444.284809,-474.940683,-506.296314,-543.943682,-584.666998,-626.019591,-671.92304,-720.831505,-777.417042,-837.531064,-900.191309,-967.780304
5B2G5A2,1,221.686334,218.246081,224.294353,225.426915,234.808432,235.188071,237.137854,239.158824,242.654316,243.45876,245.48002,247.039485,249.686277,250.027755,251.782096,254.624662,256.260326,259.467371,263.148328,265.603608,272.199585,276.189343,283.93138,291.796941,302.208935,313.791582,328.311831,347.11921,370.041438,396.80903,428.887715,464.199379,503.502804,549.49836,597.315561,648.520411,703.735396,753.038324,804.520798,850.835078,898.445719,935.359898,971.863633,1004.395926,1030.456655,1059.012831,1076.804813,1106.577876,1115.346389,1144.811678,1162.995175,1180.668945,1197.836198,1211.26576,1232.684049,1247.721348,1267.047032,1286.280561,1313.729444,1348.610953,1360.581325,1389.674689,1418.644473,1449.714014,1479.533267,1515.260455,1553.122676,1590.030549,1633.283544,1682.156993,1731.272772,1788.443442,1841.70271,1906.687316,1970.685049,2040.678291,11.301566,10.743998,5.813507,-7.394985,-11.139076,-9.005538,-13.711999,-20.027311,-22.216575,-24.672232,-27.339336,-32.599435,-37.66653,-44.028211,-48.907885,-54.174084,-61.437183,-68.030973,-77.158131,-86.514888,-97.72082,-110.040305,-125.024121,-141.873425,-159.574944,-180.332738,-202.148918,-226.04424,-250.328511,-275.905367,-300.15538,-324.446565,-347.488173,-366.143861,-381.103116,-390.594444,-396.49629,-395.017272,-390.976039,-379.85046,-369.708163,-351.787331,-337.75774,-323.454048,-306.823528,-292.843843,-281.250576,-272.024831,-263.572194,-260.276112,-257.258974,-255.575481,-256.526396,-260.223777,-266.371445,-273.397884,-281.931307,-294.196861,-306.938049,-324.052397,-341.341471,-362.434218,-385.585445,-409.208842,-437.734935,-467.500809,-499.921622,-538.57531,-575.143042,-620.443135,-665.143344,-718.445677,-769.254157,-831.642061,-892.286642,-960.608254
5B2G5A3,1,219.979999,212.665514,217.834835,232.997941,229.080917,234.606961,239.065503,242.795228,240.446929,246.935685,247.838802,248.338051,250.053077,249.12002,250.734871,254.354056,256.05205,260.274272,263.5452,267.244421,272.218648,277.191594,284.581427,292.568364,303.004094,314.695517,330.162691,348.928171,371.271015,398.095228,429.516878,466.066347,504.312198,549.498969,596.803561,646.69607,698.514045,746.330712,797.07741,841.233333,887.704775,920.657178,956.102897,987.219124,1013.085355,1041.095059,1055.801517,1084.132006,1094.596697,1120.274929,1140.870036,1158.410388,1174.62095,1187.911189,1209.596737,1225.784275,1247.490071,1263.491931,1292.671613,1325.920253,1337.64807,1367.641425,1397.515955,1426.830356,1456.903456,1494.374776,1534.646128,1572.061601,1613.519592,1660.307959,1708.449276,1765.054848,1829.946681,1883.791385,1951.965579,2023.277721,16.685224,4.533959,2.921211,4.254036,-8.001133,-15.216813,-15.549243,-21.57684,-21.132983,-23.347758,-28.867475,-32.377981,-36.66907,-43.955005,-48.439698,-54.597471,-61.088561,-68.58087,-76.662129,-85.909648,-96.987392,-109.674201,-124.825759,-141.02637,-158.990635,-179.598717,-199.796215,-223.945642,-247.490578,-272.858134,-295.265968,-318.449585,-339.406796,-356.295297,-371.607657,-379.808211,-384.338214,-381.83356,-375.968778,-365.17764,-354.416962,-338.663921,-325.228241,-310.290082,-296.90613,-284.215628,-272.463151,-264.246961,-255.832198,-253.100682,-250.418552,-250.628222,-251.152813,-254.794532,-261.588779,-267.928014,-277.618303,-290.083937,-304.504969,-321.136403,-338.660758,-358.481589,-382.391579,-406.936491,-434.897163,-465.285388,-496.735297,-535.07664,-573.75073,-613.304713,-660.861512,-712.677144,-763.186407,-824.469817,-888.242434,-955.768542
6B2G5A1,1,186.332984,178.2627,177.425784,185.123151,182.148146,184.889208,182.50087,183.927004,188.006996,190.482418,191.265288,190.028223,193.11227,193.467823,194.869922,196.837533,199.026152,200.76303,204.783367,208.044028,212.569581,215.856201,222.481924,228.683078,236.504614,247.247882,259.809675,275.398909,294.230368,316.857556,346.843834,379.756068,417.049603,463.320459,513.700398,570.137554,632.983558,693.398466,760.805906,823.032693,887.760003,937.298801,992.159974,1037.375627,1075.369829,1115.293134,1138.692096,1173.240832,1187.496369,1217.600417,1238.012413,1256.580313,1272.128674,1284.794758,1303.789979,1317.212619,1342.955372,1355.604086,1383.545275,1416.010195,1422.796916,1450.743546,1472.913454,1506.428584,1536.238297,1568.03807,1604.311543,1642.367589,1682.228778,1724.715891,1772.320187,1822.884726,1887.606456,1938.633016,2001.941192,2065.081971,44.677133,34.707118,22.00844,21.107231,7.507334,1.86265,-4.04382,-8.319532,-9.103557,-14.618227,-20.208858,-25.267144,-29.483491,-37.746101,-43.05066,-49.622897,-55.968526,-64.073952,-73.510662,-83.268305,-94.047662,-107.471096,-122.741363,-139.937602,-158.54253,-180.293243,-203.528779,-229.451391,-256.863028,-286.92622,-316.949486,-348.300771,-380.384257,-410.324027,-437.34496,-458.973645,-479.563351,-488.111807,-493.390283,-488.288754,-482.651011,-461.921212,-446.539262,-426.812757,-404.625156,-384.982267,-363.493939,-346.107016,-329.714073,-319.730485,-309.00683,-302.160554,-298.092072,-295.45946,-297.445173,-300.239049,-306.791508,-315.273721,-327.393855,-341.92101,-356.380159,-374.971678,-395.333816,-420.01454,-446.564298,-474.819677,-506.067885,-540.750361,-581.251366,-620.138671,-659.7561,-710.320945,-766.921266,-823.216558,-881.794304,-948.151623
6B2G5A2,1,179.891416,173.659492,173.566082,180.165747,180.253381,182.617601,184.529274,184.747118,186.41011,187.689488,187.263136,189.866244,190.992218,191.255633,192.91922,194.941284,196.886476,200.749744,203.414017,206.335608,211.560906,216.644732,222.776389,230.742979,239.431173,250.589472,264.383776,280.883301,300.824044,324.84064,354.911692,388.214951,425.062793,466.757811,514.065529,564.127385,617.96894,668.311769,723.503412,771.200681,823.309049,860.351378,902.532412,939.541742,969.795476,1000.89285,1021.166384,1050.284836,1064.034258,1090.849173,1109.333569,1128.103905,1145.971965,1159.225813,1181.481846,1196.510071,1220.266604,1235.937281,1264.574376,1297.54909,1307.918204,1338.280521,1366.749089,1397.811153,1428.132317,1462.181484,1503.891189,1537.876577,1581.664451,1626.899461,1674.485819,1731.588522,1789.159112,1844.640637,1911.241583,1985.535241,38.405509,35.400996,21.303853,15.135081,9.875982,4.787796,0.892242,-6.280516,-12.407476,-15.40109,-19.419915,-24.970537,-29.466602,-35.324918,-41.952195,-47.701778,-54.597243,-62.372649,-71.205352,-80.093183,-90.649826,-103.789645,-117.947493,-133.859981,-151.849647,-170.964498,-192.446706,-215.520366,-239.221251,-264.47206,-289.645163,-314.194817,-337.08364,-360.466733,-377.844441,-391.247031,-402.159924,-403.275774,-402.238844,-395.194422,-386.767053,-370.449292,-356.46753,-341.908732,-325.988405,-313.115956,-298.647292,-288.639567,-278.777104,-272.715922,-268.322256,-265.975874,-265.681292,-267.168442,-272.101505,-278.511182,-285.896939,-297.083733,-310.217843,-327.116611,-343.097064,-361.718386,-384.084689,-408.599905,-434.963816,-463.014732,-495.938844,-531.122129,-568.869766,-609.638261,-655.192276,-706.561915,-757.454192,-814.737481,-874.458589,-942.995275
6B2G5A3,1,182.329193,179.92401,177.241201,167.864711,180.462395,179.46506,185.458735,183.639915,188.315362,186.655304,189.57184,189.863613,191.808966,191.505908,193.188799,195.572435,197.643091,200.663359,203.615644,207.115658,212.127784,217.353748,224.334357,231.204976,239.899163,251.787279,265.153059,283.099856,302.570442,326.534715,356.281373,389.177678,425.872991,467.622759,512.849,561.24525,613.687078,661.384341,712.877824,757.491959,805.563508,840.754964,880.283807,913.127568,941.819627,971.563771,989.594328,1018.367829,1030.562075,1058.118569,1076.627931,1095.225978,1112.149779,1124.507621,1146.794951,1162.661143,1180.590893,1201.911464,1228.112244,1259.921974,1279.200413,1303.262763,1334.595933,1362.74991,1394.504644,1428.762498,1467.315668,1506.27047,1547.941547,1595.822439,1635.34361,1695.741733,1753.234069,1808.709329,1880.331354,1951.369057,39.476424,26.321136,19.088926,18.827618,12.113292,1.81356,1.107942,-5.984547,-10.433572,-16.523114,-18.651086,-25.080503,-29.542965,-36.447638,-41.259016,-47.888373,-54.649607,-62.087893,-70.438729,-80.143831,-90.781836,-102.698538,-116.570706,-132.641289,-149.411265,-168.436847,-189.387095,-211.530263,-234.552747,-258.780208,-282.060532,-306.341553,-327.685651,-348.223171,-363.827111,-374.576485,-384.259014,-383.077472,-381.328124,-373.085437,-365.25587,-348.016001,-336.774707,-322.42296,-307.972644,-293.916584,-284.12749,-274.077229,-266.262428,-261.53867,-257.802057,-257.197915,-257.77959,-260.372627,-265.119996,-272.425359,-280.724674,-292.299771,-305.88507,-321.577107,-339.40244,-358.690181,-381.211733,-405.3633,-433.018811,-461.498277,-493.947801,-530.704059,-567.851551,-610.23358,-654.019022,-703.143129,-761.167102,-813.229913,-872.728993,-939.496734
4B1G5A1,1,286.9791,291.591392,297.687087,292.362985,306.44673,314.455915,308.45491,322.798641,324.860391,325.378841,325.218664,333.271636,331.934239,333.552256,336.64415,337.860028,341.803763,344.355604,348.00826,349.86914,356.201085,360.070639,366.004713,371.171855,378.866041,388.568029,400.468379,414.535004,432.100717,453.25639,479.748374,512.561762,551.40983,597.459692,652.964637,718.733352,793.426395,877.083514,964.935185,1060.985271,1161.825334,1262.395743,1361.075597,1454.125203,1544.852041,1619.60404,1696.573587,1752.262757,1813.103369,1865.234681,1920.1316,1937.18078,1988.986928,2028.22786,2062.055165,2099.73811,2133.56657,2165.454195,2191.693561,2213.816447,2260.783954,2297.943662,2338.406196,2378.627098,2423.317667,2471.585359,2523.1916,2579.984855,2636.987824,2701.827543,2772.490406,2851.881527,2921.593753,3006.281309,3101.099334,3202.308711,-12.091965,-18.334031,-21.663859,-21.875679,-32.971109,-32.794471,-37.049983,-36.023632,-35.6246,-40.217015,-42.50784,-47.668635,-48.987667,-57.097862,-61.058255,-65.173604,-71.910016,-79.459218,-88.169106,-98.582551,-109.678619,-124.065924,-139.498914,-157.154719,-179.317562,-204.482224,-231.185849,-261.06595,-295.606184,-332.834936,-371.323016,-417.889881,-463.324237,-513.283183,-561.52219,-612.402931,-657.847538,-699.217137,-729.054755,-753.066768,-768.481548,-771.042156,-767.028223,-751.080744,-729.91653,-700.427313,-672.443989,-638.925574,-610.78937,-585.336705,-561.252186,-538.781245,-523.359206,-509.712377,-505.301841,-495.917973,-497.935689,-501.970806,-510.139691,-520.512447,-538.431633,-558.398852,-584.889982,-611.919877,-644.744915,-682.543512,-724.112021,-767.630789,-822.631821,-877.59466,-941.058186,-1008.990155,-1077.523623,-1157.574001,-1249.775852,-1342.188582
4B1G5A2,1,272.967159,281.887813,288.857905,313.41637,310.841113,312.876483,312.69069,309.68919,323.105885,325.544776,327.300063,327.980986,332.406033,333.071618,333.172336,337.33663,339.349971,343.078594,346.422777,350.037977,354.065876,358.763178,364.384338,371.143074,379.361024,388.748086,401.997627,416.915181,434.412325,457.383019,484.636381,519.903732,556.795247,605.025019,657.815021,720.690529,790.16564,863.816053,941.248227,1023.214734,1102.495147,1182.219099,1257.434445,1329.409521,1395.736796,1451.512682,1512.324163,1557.508159,1602.424462,1636.734586,1689.77877,1705.994351,1747.43468,1792.316417,1814.300791,1848.487733,1890.552615,1908.524237,1957.353251,1978.785852,2022.283478,2061.500187,2099.767189,2146.007171,2193.053783,2241.62826,2295.462217,2350.844039,2410.279187,2476.72673,2540.053907,2620.984101,2702.883472,2795.025232,2884.384218,2986.537565,6.607225,-10.366308,-16.697137,-38.033717,-32.639812,-28.62072,-32.51931,-33.834662,-36.696864,-39.957969,-40.106086,-44.389909,-47.592101,-54.437936,-56.816851,-62.000986,-68.836866,-74.824101,-83.066242,-93.675637,-103.176853,-116.860286,-132.042704,-149.422452,-169.448909,-191.829172,-217.211924,-244.734526,-274.598482,-308.699744,-342.684763,-384.120622,-422.259715,-462.684403,-500.30171,-537.421806,-570.124185,-595.039636,-613.299806,-623.249469,-626.172558,-619.844275,-610.077997,-592.992724,-575.68775,-552.747323,-534.327925,-509.366926,-493.28168,-475.260091,-462.423786,-449.692951,-442.366878,-440.38946,-440.308503,-439.787168,-449.620238,-458.954382,-471.357039,-485.704866,-508.214913,-533.171189,-559.848167,-591.992037,-627.374761,-667.364178,-711.08405,-756.496584,-810.745695,-867.771174,-929.857529,-996.386432,-1072.590704,-1144.70164,-1241.485359,-1336.537962
4B1G5A3,1,295.27616,283.159925,300.021267,297.092948,299.560556,307.445933,310.403873,321.030455,319.003469,325.23395,326.028467,330.977711,332.898009,331.677115,334.373655,338.377203,339.067445,343.487983,345.573407,349.996565,354.613117,358.474005,363.553451,373.629065,379.749533,388.978366,401.789421,417.268014,435.083614,457.329171,485.655361,520.606124,558.491444,604.954034,660.300191,722.493724,789.764241,865.589177,941.918988,1023.974257,1103.491316,1182.576312,1257.238986,1327.446038,1395.773203,1447.941115,1507.71656,1550.083407,1596.040202,1639.723261,1687.531355,1699.080357,1744.405944,1784.024215,1813.870214,1851.347387,1885.324635,1919.923721,1945.317524,1979.030316,2021.540215,2056.532434,2106.120595,2140.396709,2188.0027,2236.379778,2290.493204,2345.466193,2408.959619,2472.444902,2534.72245,2616.499574,2698.386475,2789.915542,2881.693013,2978.552688,-18.146589,-11.080946,-28.785265,-37.934063,-37.09853,-32.548739,-37.07394,-40.43634,-37.499588,-38.484686,-42.126404,-44.156203,-45.889638,-55.348871,-58.422736,-62.312939,-68.458351,-71.614742,-83.902471,-92.503806,-104.432602,-116.723373,-132.547965,-145.225665,-170.011508,-191.395876,-217.304307,-245.615137,-275.74643,-309.927705,-343.84348,-384.666835,-422.102383,-462.535787,-501.50504,-536.945794,-567.701196,-594.074671,-610.471751,-619.657101,-622.869888,-616.431901,-605.581837,-589.407697,-570.616042,-547.707201,-528.857253,-504.989055,-488.08057,-472.646259,-460.338481,-445.518754,-441.161975,-437.239211,-441.488106,-441.762678,-451.141232,-462.391857,-474.118964,-489.918419,-510.146835,-534.348096,-565.054608,-593.540212,-628.024809,-667.455722,-712.829523,-760.381158,-814.836639,-872.226742,-933.29605,-999.64611,-1077.253375,-1159.061734,-1243.49076,-1339.259285
5B1G5A1,1,263.955231,263.507908,269.215096,268.235577,282.268325,288.697865,289.624279,294.279128,299.830579,300.170018,304.261212,308.39799,309.433199,308.451794,311.932033,313.006217,317.10381,319.791867,322.924347,324.933592,329.900921,334.598691,338.147172,345.40855,352.447937,361.072389,370.848858,383.546069,398.929348,417.314524,440.22186,470.708722,503.654543,544.22086,595.280625,657.652417,726.309921,808.12401,895.852177,996.593371,1103.313313,1219.251634,1333.074191,1447.451893,1554.005885,1653.380513,1753.272599,1833.020466,1908.944173,1973.429781,2049.448875,2075.814341,2137.54813,2195.707012,2225.301914,2274.417086,2320.785849,2348.691933,2389.879866,2413.689637,2470.477873,2507.285442,2551.303837,2595.686631,2645.354117,2694.118201,2750.223668,2802.697892,2866.943097,2932.773076,3003.097841,3074.803535,3154.997636,3252.57473,3334.756456,3429.118866,-6.317011,-14.293965,-20.640189,-35.604455,-24.751398,-36.401292,-35.774053,-35.126772,-35.807164,-37.322687,-40.872831,-43.42926,-46.634844,-53.558063,-57.753374,-62.474366,-68.767303,-75.41412,-83.918455,-94.81163,-104.012004,-117.674907,-134.733551,-152.108797,-172.379571,-195.233098,-221.044574,-251.841073,-284.577961,-322.167782,-360.667644,-407.919032,-456.160544,-508.882132,-563.403258,-619.571567,-676.707941,-728.32761,-775.645315,-815.831651,-845.907193,-864.021921,-873.159502,-870.458988,-855.974161,-835.195917,-807.703706,-767.112925,-735.169918,-703.616557,-674.415324,-640.360414,-617.721429,-599.096767,-584.656135,-574.497027,-568.654643,-568.320622,-567.088967,-573.884745,-587.832401,-606.375086,-629.750759,-653.84163,-684.825042,-718.189085,-762.885035,-806.157589,-856.021872,-912.145237,-980.884836,-1040.830923,-1109.602581,-1191.238391,-1280.296936,-1373.219016
5B1G5A2,1,265.771956,262.837512,271.856364,277.939429,277.795018,287.203374,294.608693,293.713501,295.099285,301.733842,303.477644,306.851877,307.040085,307.982957,310.743049,312.812431,314.513478,317.480607,319.799473,323.725775,328.214328,331.797057,335.816062,342.705867,349.773644,357.861611,367.978325,381.323712,396.40641,414.551269,438.597098,468.503874,501.114751,543.431684,594.979829,655.875735,725.527903,805.404145,889.941298,988.471171,1085.289376,1190.329695,1292.623091,1394.875073,1491.262516,1575.430037,1661.726812,1728.294614,1794.349332,1856.780038,1918.089282,1941.635184,1996.667469,2037.947325,2078.162345,2121.100837,2158.747232,2191.354862,2223.76045,2247.183906,2296.925301,2337.835616,2377.87034,2420.173155,2468.000562,2518.743147,2574.12733,2630.139172,2688.329764,2754.842615,2823.955522,2897.042614,2974.922894,3061.589852,3158.771275,3255.192049,0.132169,-7.375378,-9.536055,-22.123442,-31.693026,-31.588775,-36.566627,-35.184139,-35.561334,-37.408916,-37.874985,-40.971073,-43.661956,-52.298797,-57.285187,-59.630729,-66.162118,-72.513983,-80.835844,-91.60417,-101.477806,-113.283132,-127.977611,-146.413833,-165.621301,-188.407495,-213.726714,-243.292843,-275.132607,-310.360703,-347.945999,-393.095152,-436.96367,-486.662156,-538.042095,-589.677829,-639.042509,-682.707323,-722.733225,-753.34185,-775.829,-787.544323,-787.042787,-779.369973,-762.527779,-736.224599,-710.957781,-677.782174,-649.550865,-624.101809,-595.783159,-571.141574,-554.61427,-536.784548,-530.623979,-523.654424,-522.325301,-524.718863,-530.587291,-539.802159,-558.972298,-577.953225,-603.25776,-629.748343,-662.269288,-698.863445,-743.877578,-787.198095,-838.648213,-896.740789,-954.904029,-1025.56437,-1096.323511,-1175.178691,-1267.071811,-1358.668304
5B1G5A3,1,266.688689,266.101969,270.763741,257.300302,286.680235,285.385043,289.906311,294.508524,301.476574,301.339454,302.250525,305.094208,306.406261,306.64732,307.876262,311.239252,315.081068,317.13068,319.771683,323.589064,327.540133,331.731309,336.390161,342.224507,349.646813,357.785322,368.392163,381.390254,396.778066,415.889064,440.341458,470.993506,504.518002,547.514254,598.010878,660.627204,729.430955,806.319068,891.12745,985.224882,1079.172614,1175.919885,1273.590642,1365.628239,1453.582067,1527.739974,1607.148527,1665.591707,1724.021618,1776.187793,1833.047982,1853.901534,1906.188741,1945.879278,1981.084039,2023.830853,2057.138621,2091.819481,2122.485833,2154.174949,2195.465192,2232.789614,2273.456186,2317.13505,2364.253967,2411.947552,2466.027166,2519.932675,2581.079759,2645.46815,2724.859299,2783.427559,2875.856879,2968.492051,3058.769383,3161.997305,-7.645863,-5.905767,-18.994006,-19.265607,-23.299414,-23.802522,-30.768936,-29.318258,-32.375861,-37.247434,-37.842828,-39.500686,-43.264059,-50.762276,-55.915227,-59.030041,-65.23406,-72.832741,-80.178393,-89.806111,-100.492313,-112.371942,-126.764612,-144.871297,-164.920123,-186.322475,-212.222784,-239.631753,-271.038914,-306.790987,-342.956834,-385.463955,-430.041341,-476.545258,-525.767366,-573.454948,-618.23248,-660.95384,-692.976654,-719.382634,-735.340841,-739.524177,-737.661435,-727.063307,-709.145061,-682.90471,-656.497595,-624.811028,-599.632824,-573.269304,-552.472874,-530.747807,-515.80795,-504.304022,-501.245482,-494.910211,-495.537602,-504.734367,-513.667752,-523.604507,-543.613041,-564.915719,-590.128283,-618.244456,-652.190504,-689.856541,-732.784969,-780.919444,-834.20298,-891.688355,-948.676142,-1019.076239,-1095.557683,-1174.393211,-1262.762505,-1356.615084
6B1G5A1,1,218.493981,206.918828,203.651003,205.242075,214.302715,219.288594,219.043315,223.948962,224.943565,226.536885,228.562161,231.608764,232.036924,232.789831,235.186067,237.150101,240.045529,242.775629,245.862459,249.457264,254.460632,258.045688,262.475424,269.019388,276.956526,286.19533,297.564013,310.037229,326.382946,345.420606,369.461348,400.121613,432.80219,473.841624,522.43903,584.494926,652.444954,726.779254,811.108191,905.654896,1000.241215,1101.022286,1200.254465,1300.648145,1395.749268,1474.815072,1560.10729,1625.884491,1691.5752,1745.754705,1809.631347,1832.206887,1883.695532,1924.658973,1960.550498,2006.450698,2037.922825,2075.660964,2100.370576,2134.977231,2177.032444,2211.378805,2252.992442,2296.036518,2341.670681,2391.002971,2443.391344,2496.68877,2557.198123,2620.320688,2685.611724,2758.996482,2841.078893,2922.05824,3022.084303,3118.45026,39.807114,25.969742,15.831738,7.544491,-1.954005,-9.998171,-8.920744,-13.472774,-17.566556,-19.923387,-25.956423,-31.038258,-36.346367,-43.807088,-48.887936,-55.361957,-61.623244,-70.733256,-78.886483,-89.817974,-100.680714,-114.599928,-130.064538,-147.737359,-167.748549,-190.397952,-215.660309,-244.474402,-275.692514,-310.37381,-346.73498,-389.918365,-434.684067,-481.407768,-531.247304,-579.659768,-628.007697,-672.220586,-710.183734,-739.306959,-761.281983,-771.773481,-774.684447,-766.042911,-750.447738,-727.828432,-703.852295,-670.608034,-642.3644,-615.190996,-592.196789,-565.226541,-547.184589,-532.854327,-524.611893,-513.838438,-516.379011,-521.420057,-525.940847,-535.135707,-552.103804,-570.982908,-593.729021,-621.742884,-654.829289,-691.145742,-733.908232,-777.216559,-829.719761,-883.995238,-943.12301,-1011.994077,-1080.955912,-1161.958916,-1249.065332,-1342.4695
6B1G5A2,1,213.876867,206.302559,211.707409,213.952447,217.27792,214.152388,220.665251,222.111498,223.051885,225.455426,227.390679,229.146974,232.134526,231.494013,233.863836,235.83965,238.35244,241.143022,243.876181,247.769519,251.430672,256.5105,261.099219,267.485691,274.659318,284.168805,295.482985,307.747595,324.973319,344.012995,368.9103,399.688252,432.5275,474.24728,524.346,584.801617,651.689161,724.120519,803.13552,893.099377,980.85475,1073.289142,1163.546246,1252.338839,1336.18985,1405.613378,1480.516254,1540.20299,1594.26762,1641.240111,1703.60235,1726.794177,1777.280539,1823.624311,1853.984675,1896.802615,1931.52924,1961.854622,1999.682978,2026.043364,2068.483289,2108.821373,2150.669222,2193.039643,2240.804352,2291.843083,2345.059087,2400.049037,2461.941211,2523.801882,2592.413351,2672.598065,2744.451188,2833.039385,2931.579224,3029.789725,36.625737,24.325203,16.676521,-0.713803,2.453706,-7.008636,-6.026505,-11.926549,-14.384125,-21.670028,-23.207067,-29.3357,-33.973796,-41.232247,-46.994864,-53.46152,-59.808823,-67.346604,-76.669218,-86.058815,-96.861965,-110.867677,-124.928338,-142.032533,-161.411908,-183.802075,-208.682651,-236.547539,-266.381515,-300.069853,-334.2848,-375.968629,-417.838203,-461.978726,-505.993307,-551.240218,-591.196284,-629.082409,-659.644614,-682.316529,-696.945132,-703.422382,-699.870231,-691.942816,-673.941097,-650.468741,-628.177111,-599.920871,-577.889696,-555.062976,-535.684768,-515.882028,-504.362616,-493.696204,-490.750198,-487.250753,-490.467011,-496.606852,-504.887114,-517.868306,-532.748436,-556.742588,-582.089236,-608.743835,-642.798227,-681.67831,-721.168732,-769.458338,-821.075099,-877.696926,-940.982863,-1000.862587,-1079.208536,-1156.428928,-1245.525701,-1338.015087
6B1G5A3,1,212.505616,209.365822,220.558083,213.543931,212.80848,219.042514,221.856666,220.941884,223.925195,225.761089,227.134459,230.674159,230.704605,230.612785,234.431278,235.683979,238.077905,239.017651,244.449525,247.146246,251.879925,255.804311,261.041922,267.158857,275.337366,284.329558,295.06549,307.960743,324.206506,344.646592,368.750342,398.44285,433.54173,475.194275,524.525542,584.540103,651.13921,722.893923,803.101954,890.896075,976.412363,1066.734983,1154.792677,1239.155618,1319.212374,1389.621015,1462.411064,1517.560333,1572.508147,1624.536701,1680.168924,1697.679497,1748.279917,1791.153776,1822.053315,1864.438215,1900.325526,1925.756262,1963.870863,1993.010052,2032.780912,2074.670592,2114.957517,2162.751613,2209.384606,2260.745929,2315.681623,2372.266449,2429.651029,2494.935607,2561.336323,2639.676212,2719.381989,2809.523464,2898.176561,3000.823454,39.908186,28.278087,15.590402,3.372801,0.206302,2.708385,-6.105157,-11.534384,-15.996439,-18.936329,-23.824224,-28.930141,-34.511365,-41.022293,-46.748901,-51.627082,-58.302988,-66.705682,-75.357302,-85.245719,-96.581493,-109.942051,-124.978106,-141.846504,-161.421574,-182.967618,-207.433939,-234.348278,-264.09165,-297.168165,-332.449303,-372.984716,-413.449092,-457.640986,-500.501853,-543.162289,-584.648963,-619.327769,-647.777588,-671.285859,-683.811969,-687.075338,-682.480332,-673.157756,-657.538663,-634.841658,-612.699939,-585.431496,-563.090154,-543.184736,-524.920863,-503.984347,-494.604706,-483.85364,-481.649484,-478.876992,-482.220753,-490.461259,-498.54033,-511.93952,-529.143048,-550.634804,-577.921594,-606.469615,-641.220635,-679.173115,-721.857232,-770.103082,-819.472504,-875.02803,-935.735806,-1005.51932,-1076.893275,-1159.251626,-1242.889818,-1335.469754
1B1G1,0,165.704492,165.544025,170.928103,169.970748,168.771633,169.32121,172.365843,172.933746,174.149861,176.078425,177.793529,178.646354,180.098952,180.29554,182.9388,186.278312,188.913683,192.508535,197.479295,201.892078,207.9696,216.195789,226.051061,235.877318,247.756512,261.413524,276.258508,292.995167,309.121297,326.646626,343.813962,361.959145,376.891587,393.19176,407.366308,421.756201,434.479793,445.511332,456.457081,466.281108,477.089349,485.453873,496.012304,502.535254,511.664941,521.836969,533.548787,538.028981,549.198063,558.75851,566.181674,581.52192,592.673816,601.500788,618.508859,630.202838,641.109077,664.539032,678.213456,695.812745,714.054232,736.682346,760.707126,784.146539,810.264031,839.378116,870.853557,905.59906,939.01462,976.491786,1016.785143,1060.570947,1110.605696,1160.329545,1217.651397,1275.594801,47.481289,33.89147,26.481438,15.68827,13.559686,6.645734,2.669258,-2.333784,-7.67612,-10.893023,-16.379133,-20.536335,-25.980875,-31.548345,-36.977636,-42.069548,-47.688778,-54.880241,-61.634216,-69.285649,-76.619645,-85.164792,-90.634847,-102.259371,-110.549745,-118.595756,-125.369514,-130.585496,-134.797327,-137.149934,-136.978668,-137.78915,-135.436426,-133.678055,-131.063199,-127.755864,-124.380105,-120.749922,-118.042078,-116.007659,-114.379253,-112.566823,-112.520616,-112.918447,-114.388827,-116.065468,-119.21259,-121.986727,-127.006774,-132.118578,-138.198278,-146.08342,-154.10785,-162.128115,-174.059048,-184.025317,-195.74084,-212.480766,-226.430632,-241.50753,-259.715127,-279.475389,-301.805068,-323.780186,-348.916567,-376.064877,-404.141242,-434.669201,-469.034642,-504.462271,-543.54356,-586.916823,-632.184786,-682.502424,-735.094831,-790.887515
1B1G2,0,173.703304,159.825497,170.7118,170.616548,168.841019,174.20363,171.947092,173.738125,174.965018,175.159403,177.130557,178.420164,178.22874,180.229047,182.616998,184.88274,187.78493,190.932689,195.473133,199.998215,207.069599,213.358626,222.300815,232.652007,244.317013,258.374777,273.687863,290.355129,308.199437,326.855688,346.946316,366.841867,384.192118,402.437141,419.55446,436.856007,451.614899,463.488452,476.196457,488.213121,500.456029,510.010104,521.425749,529.22082,539.521243,549.368858,561.73352,566.566827,578.942046,588.614821,596.736917,610.11694,623.04093,632.219806,649.998429,662.686193,671.701954,696.364683,708.074967,726.962346,746.363555,768.288205,794.40068,818.568698,843.741881,872.498732,903.215254,938.359759,971.755499,1008.768864,1049.34613,1095.442003,1143.515174,1193.559115,1251.073617,1310.245428,49.051697,31.289814,22.81778,12.333508,12.777557,2.716356,-1.39325,-6.009975,-8.791978,-12.300214,-16.253371,-20.052107,-24.461836,-31.927614,-36.833557,-42.522715,-47.890303,-55.080527,-61.490167,-68.821411,-77.775175,-86.67217,-96.284486,-105.212699,-115.374443,-124.411428,-133.094453,-140.0896,-146.118625,-150.133586,-151.160875,-152.308366,-151.757215,-150.383016,-147.167072,-143.148479,-140.5402,-136.297881,-132.537678,-128.959062,-126.288575,-124.040918,-122.755822,-122.080236,-122.238077,-123.459225,-125.652757,-128.128975,-132.622502,-137.398592,-142.974132,-150.004565,-158.064407,-166.46153,-177.668318,-187.41428,-198.992522,-215.062444,-228.274999,-244.22099,-261.756498,-281.461704,-303.852488,-324.890229,-349.577971,-376.386197,-404.489886,-435.10915,-469.64998,-506.230056,-544.431972,-585.92055,-632.829545,-680.268134,-733.989641,-790.989976
1B1G3,0,170.646514,171.12556,165.951088,177.880525,171.884533,167.618609,169.120325,171.868471,174.507373,173.820663,175.549995,178.588746,179.242385,180.285322,182.175287,184.202909,187.532393,191.221345,194.48668,199.69108,205.485321,212.104804,221.886897,230.84161,243.537792,256.11458,272.171457,289.313949,306.944821,327.512738,348.201014,370.189949,390.173695,409.200775,428.397945,446.78143,464.111686,477.947007,492.63889,505.01755,518.295026,528.582449,541.146075,549.266886,559.711246,570.166645,581.786375,587.854353,599.518571,610.173661,619.391914,631.691469,645.014958,655.296359,672.111665,681.731912,691.788269,718.369373,730.271763,747.950637,770.365868,791.196377,813.997404,839.207028,865.012078,894.34254,925.042624,956.714921,992.980223,1031.681272,1073.844501,1117.046329,1164.473392,1215.957082,1272.833786,1330.933836,39.951334,39.711147,24.54612,20.861551,9.37378,2.769514,0.348937,-2.655935,-5.011494,-11.810538,-15.75384,-21.814644,-25.015935,-31.845369,-36.954331,-42.316217,-48.872617,-54.205147,-62.011544,-70.056335,-78.673645,-87.838964,-95.081517,-107.38591,-118.552953,-128.883561,-137.612594,-146.874206,-153.873264,-158.94099,-160.883544,-164.530755,-163.554842,-162.488828,-159.876749,-156.824855,-152.172674,-148.084599,-144.186401,-139.481825,-136.488697,-133.121361,-131.080385,-129.635535,-129.427781,-129.780512,-131.463583,-133.205204,-136.496345,-141.086593,-146.781716,-153.263327,-161.096648,-169.334853,-180.235154,-189.104069,-200.796572,-216.591433,-230.190694,-245.572086,-264.447794,-283.52191,-303.77715,-326.446063,-351.093597,-376.692783,-405.514507,-435.300684,-469.931957,-505.287107,-544.246732,-586.53506,-630.744658,-677.764217,-733.529997,-788.301742
2B1G1,0,160.033878,165.893847,165.712486,158.198692,157.692096,163.418732,166.15971,168.45041,170.002986,169.650897,170.896704,174.016724,174.946251,175.875781,177.775347,179.442436,183.177737,186.352281,191.14003,196.480843,203.488217,209.810575,219.072578,229.200949,242.220738,256.964819,272.574457,291.812296,312.068965,333.876719,357.084757,382.64909,405.761425,431.380962,454.605562,479.747922,502.608644,521.5931,542.675499,560.80835,580.713438,594.267626,612.803844,624.616764,639.692443,654.206832,668.738555,680.354302,698.147778,706.279847,718.764212,739.106301,748.908459,763.081505,777.536046,798.671374,816.265669,827.57371,851.634531,873.773457,893.430865,914.044277,937.208916,962.68451,989.638574,1018.482073,1049.623349,1081.452583,1117.118317,1154.373079,1194.87568,1234.817488,1280.696216,1330.700644,1385.088196,1442.55801,45.825413,34.148648,19.361549,18.24908,11.167954,5.671835,0.030708,-4.534695,-8.720105,-14.379051,-20.387076,-23.464619,-27.458886,-35.591394,-40.859194,-46.246456,-53.124201,-60.175252,-68.197612,-77.297566,-86.802728,-96.833752,-107.918228,-119.285268,-131.753921,-142.927667,-155.095813,-165.795794,-175.782188,-184.462791,-190.297728,-194.166555,-197.58752,-199.916279,-198.832239,-196.891308,-194.791894,-189.253132,-186.572666,-180.710249,-177.089822,-172.413091,-169.824644,-165.372721,-164.008306,-162.142748,-162.142123,-162.1986,-165.579307,-165.946885,-169.196614,-174.429705,-179.94845,-186.787723,-194.161323,-204.199829,-214.670997,-225.182227,-238.656638,-251.282216,-266.831213,-284.207645,-301.860831,-322.426551,-343.661878,-367.149127,-393.994543,-420.823976,-450.861242,-483.483554,-518.458954,-555.971981,-600.237468,-645.852926,-693.079127,-745.648033
2B1G2,0,167.616095,165.731664,164.225639,162.0337,164.315988,164.182715,165.690562,166.060305,168.164418,169.97916,171.155124,173.681907,175.046429,175.046417,177.036989,179.755864,182.45377,185.194329,190.020786,194.267546,200.965757,207.442236,216.077739,226.426691,238.894698,252.609337,270.083467,289.385181,310.557282,333.700832,360.113745,387.909729,414.39034,442.400056,470.213976,499.117358,526.130355,549.814725,574.369399,595.398475,619.887245,636.740179,658.006896,671.885423,688.520966,706.66855,725.807,734.19948,751.909748,764.171969,774.138523,795.431145,810.450477,823.613627,842.429475,860.780885,873.560681,897.357262,915.526936,936.981204,954.379831,976.889081,1001.72348,1028.5354,1052.91575,1081.870316,1112.98311,1145.24783,1180.860418,1217.722205,1257.433701,1300.892185,1346.630565,1398.470255,1449.394357,1505.659564,43.146186,34.621539,24.77365,11.207568,10.288621,1.471113,1.305935,-2.642689,-8.993114,-14.09952,-19.255587,-23.745825,-27.922596,-35.518799,-40.747416,-47.075076,-53.923157,-61.334074,-69.299838,-78.803898,-88.294278,-99.743514,-113.026173,-124.61346,-138.846337,-152.610669,-166.208567,-179.367636,-191.90525,-203.546534,-211.902406,-219.98858,-225.287674,-229.30418,-229.568184,-228.020957,-226.742903,-222.142737,-217.582677,-212.231655,-207.310059,-200.545876,-196.424461,-191.925879,-187.845645,-185.250358,-183.463336,-181.791601,-183.237635,-183.274508,-185.613528,-189.688692,-194.703348,-199.678553,-208.586665,-215.784671,-224.658162,-237.71734,-248.258209,-262.313774,-275.870507,-292.467573,-310.613134,-330.658694,-351.761735,-374.975637,-400.306667,-426.714539,-457.545759,-489.712507,-524.873864,-562.616962,-603.098281,-646.75066,-696.980658,-748.424536
2B1G3,0,159.426845,159.876403,167.589336,169.058577,165.541328,165.308169,170.163327,169.753183,170.578397,170.20198,171.629451,173.29474,174.230098,174.562878,177.309637,179.89001,182.151598,185.102135,189.27894,194.205006,200.082283,206.646326,215.023374,224.69947,237.909216,252.117348,268.309751,287.569766,309.037828,333.557705,359.909954,388.404022,416.598517,445.265235,475.674621,505.91024,533.9196,558.784774,585.285289,608.295323,633.064712,651.956561,674.921717,690.035318,708.31005,727.181813,745.536938,755.237961,773.830174,787.873921,801.253753,818.377464,835.643613,847.37299,870.186635,882.930354,893.974918,925.018358,937.74533,955.558659,979.670882,1004.028705,1031.86567,1054.808212,1082.706266,1111.690922,1143.573312,1173.066106,1211.4163,1249.069467,1288.655056,1329.185099,1376.04347,1426.092009,1479.261086,1535.612852,46.600182,34.869236,22.029666,14.898701,9.392254,3.240911,-1.81428,-2.133148,-10.235505,-13.297416,-18.694228,-22.919803,-28.821388,-35.57752,-40.961734,-47.302345,-54.508705,-61.359846,-70.411739,-79.234901,-89.763236,-101.362285,-113.534089,-127.456156,-140.919606,-155.136127,-170.001049,-184.213406,-197.08997,-209.739627,-218.546889,-227.979965,-234.891526,-239.448124,-240.366749,-240.97463,-239.16349,-234.942691,-230.966464,-224.424626,-219.569602,-212.327247,-207.424814,-202.26479,-197.608507,-194.596396,-192.600863,-190.402333,-190.936892,-191.491709,-193.663628,-197.253624,-201.543231,-207.122774,-214.891089,-220.275286,-229.840584,-242.520576,-252.78567,-264.591009,-280.548827,-297.552552,-315.081953,-333.322763,-355.241262,-377.807552,-403.674812,-430.771058,-460.124446,-492.048722,-527.957484,-562.975539,-605.175115,-652.516859,-698.779379,-750.267723
3B1G1,0,220.426001,221.427048,228.174781,232.509449,241.548165,240.422713,243.169339,249.655769,248.406742,255.344781,254.574396,259.466503,260.583327,261.825526,262.370852,265.942832,269.19618,271.765638,275.492125,278.625575,283.527549,287.825459,293.399144,299.590138,308.222249,316.518238,327.036465,339.232503,352.672529,368.530258,387.148574,408.118317,428.640585,453.798707,479.312822,507.310966,534.632587,560.706491,587.967033,614.367698,641.737535,664.891257,689.972091,708.518824,729.63856,748.806267,771.45152,781.959413,801.660744,817.273397,828.642113,850.691292,866.961035,879.051496,898.36534,916.107774,930.361935,954.127827,972.661702,993.846991,1011.383213,1035.807166,1060.417577,1086.311243,1115.198947,1145.06105,1176.374712,1209.867046,1248.902647,1288.885733,1331.403448,1377.228315,1427.178251,1482.217293,1537.86068,1600.526337,-0.111551,4.050877,-6.21446,-18.035229,-24.150516,-25.622018,-25.965724,-27.8688,-25.384702,-27.807178,-30.934631,-30.716438,-33.669268,-38.78456,-42.275541,-44.508763,-48.268339,-52.605567,-57.310605,-63.508015,-69.27084,-76.633821,-85.079624,-93.3738,-103.74608,-114.182526,-125.63781,-137.651824,-150.683415,-163.24781,-174.095074,-186.720517,-197.774806,-207.671343,-215.795977,-222.135928,-226.310482,-228.036098,-228.322267,-226.221296,-223.948473,-219.192388,-215.399706,-210.585156,-206.774291,-202.664009,-199.832292,-196.934558,-196.593083,-195.933399,-196.424487,-200.365557,-204.523369,-208.10705,-215.353536,-222.153456,-231.273352,-244.129071,-256.245568,-269.217608,-284.592304,-302.822245,-323.011828,-343.749883,-367.361531,-392.073609,-420.546674,-449.86304,-483.332106,-518.671519,-554.921012,-602.350396,-646.419745,-696.829073,-749.154898,-806.364072
3B1G2,0,220.571745,229.472993,228.053615,234.526962,238.064139,239.976037,245.467392,248.394619,251.665475,257.06497,257.085556,259.139603,261.525358,261.541805,264.48308,266.007872,270.080007,272.209181,274.885544,279.129946,283.214573,287.222203,293.29233,300.178435,307.152708,315.376153,325.129005,337.482017,350.739478,366.683541,384.962958,406.998699,428.604195,455.03629,482.333153,513.740383,543.613641,573.662939,605.204608,636.244135,667.152108,694.804369,724.514302,747.084113,771.28955,794.123469,818.3388,831.432932,852.072753,869.290961,883.008147,903.745274,922.731999,934.50165,957.346492,969.853065,983.253382,1010.191728,1025.928718,1043.731415,1065.791081,1089.734284,1114.733637,1139.6096,1167.417297,1195.598527,1226.746796,1263.15375,1298.350863,1337.097921,1379.679475,1423.608073,1471.561966,1526.62503,1579.076343,1639.954191,9.185807,2.205844,-12.579919,-8.541735,-15.521782,-21.319475,-25.486248,-24.932542,-25.775289,-28.021638,-30.136393,-32.295321,-34.486488,-39.715499,-40.690417,-44.951518,-48.323391,-53.5503,-58.239873,-64.370954,-70.714804,-77.463364,-86.099623,-95.200163,-105.990014,-117.47176,-130.511504,-143.713808,-157.107272,-171.609791,-184.931512,-199.824709,-213.359894,-226.454269,-237.008053,-247.146476,-254.065862,-256.85948,-257.895841,-258.293722,-256.186216,-251.217438,-247.066213,-240.030509,-234.668619,-228.964507,-224.217158,-218.763468,-216.333271,-214.259732,-213.75725,-214.628269,-216.747207,-220.386749,-226.598699,-231.521638,-239.363678,-251.373284,-262.409832,-274.163346,-290.119068,-307.561252,-326.353038,-347.041044,-370.133894,-395.394452,-422.656796,-452.895749,-485.200629,-519.360246,-558.500897,-602.642729,-647.719527,-698.176485,-749.201453,-805.9169
3B1G3,0,225.636185,223.483295,225.559546,224.207886,236.578658,242.669825,247.278514,254.071147,253.362049,254.624974,257.053713,259.750512,260.983593,261.311741,264.942429,266.793406,269.492861,272.310263,275.203235,279.457,283.477355,287.599471,294.482252,298.302296,306.08658,314.66763,324.976318,336.255008,349.816268,365.668763,384.215611,405.343109,427.194644,454.307705,482.158866,512.972065,544.032557,575.005895,606.67071,638.977228,670.068018,698.459252,727.922413,751.375385,775.521499,798.503762,822.180429,835.251494,855.42329,873.591304,886.873282,906.352732,924.723081,937.709742,959.928676,970.042279,984.42432,1011.6055,1025.879303,1044.651513,1066.237826,1089.574046,1114.533244,1139.562735,1167.254486,1195.95305,1228.011786,1263.145583,1298.719827,1338.259526,1378.141793,1421.435235,1473.89179,1523.616912,1581.294805,1641.836691,1.0068,-0.90811,-7.356269,-16.126333,-21.910429,-22.293934,-25.216505,-25.497735,-24.971946,-26.47437,-28.693951,-31.691984,-32.00925,-39.257685,-42.04173,-44.850512,-49.347273,-51.808564,-58.679962,-63.541086,-70.686685,-77.491053,-82.755561,-96.091833,-106.848127,-118.285242,-130.502632,-144.478091,-158.517188,-172.771584,-186.232454,-201.239521,-216.624139,-230.081035,-240.508683,-250.759763,-258.238845,-261.586253,-262.781776,-262.199958,-260.191864,-255.447125,-250.828772,-244.220313,-238.126986,-231.835951,-226.619758,-220.856898,-217.84669,-215.544978,-214.575437,-215.253573,-217.334454,-220.924382,-226.960032,-231.486257,-239.504779,-251.79322,-261.774689,-274.0587,-289.65486,-307.362575,-326.144515,-346.979147,-370.443579,-395.45129,-423.086496,-452.7983,-485.689273,-521.413307,-559.984547,-599.888873,-648.626706,-694.755697,-749.249601,-805.939679
3B3GA2,1,229.592519,224.997027,227.381745,224.695146,223.743727,227.451089,228.484528,232.969891,234.987149,235.439908,235.878809,239.758757,240.195386,239.832794,242.895509,244.435144,246.174444,247.982909,251.388319,253.35167,258.659729,261.997719,267.364136,273.149688,279.817113,288.099165,297.997243,308.912619,321.083363,335.982852,353.069637,372.562364,393.310197,415.527431,441.966013,471.728927,503.21968,537.70317,573.039058,614.59714,656.09088,697.987775,744.161919,792.722249,837.290953,885.393212,930.540677,971.073208,1021.160355,1073.172892,1112.145,1159.61846,1193.25234,1238.282827,1288.193036,1315.472686,1360.571832,1398.67407,1449.838245,1476.163984,1529.374682,1568.222808,1617.439365,1662.404098,1709.338452,1760.359338,1811.394316,1866.261161,1920.959311,1981.605552,2050.692081,2113.953927,2182.668147,2259.428087,2339.023494,2424.820575,19.967495,28.343159,12.609026,9.993763,0.231198,-2.368468,-5.598662,-12.625901,-10.779046,-15.957982,-19.766596,-21.075873,-24.837433,-30.80833,-34.337536,-38.07315,-42.330912,-48.231722,-54.60945,-61.132583,-68.816947,-77.463579,-87.46107,-97.523787,-108.960216,-121.725343,-135.851674,-150.764401,-166.264277,-182.398454,-199.022255,-218.166985,-237.578706,-256.745946,-275.864735,-296.375856,-315.366648,-334.67245,-352.024796,-368.252049,-384.798572,-400.609721,-412.561936,-419.168313,-429.252,-437.454493,-436.606855,-442.265362,-443.912269,-446.197985,-446.948594,-446.80152,-445.803337,-449.854226,-456.254824,-456.409291,-463.625727,-472.844297,-485.420279,-493.26446,-512.23602,-528.200547,-548.859717,-570.406167,-594.993464,-622.093748,-654.670196,-687.398303,-726.746349,-769.633944,-809.176656,-863.494267,-917.687656,-972.928201,-1040.537863,-1111.4838
3B3GA3,1,222.55254,219.639166,222.744276,231.2002,227.184851,224.674193,228.474602,231.646124,236.200734,237.305267,236.81629,239.269859,239.479732,239.093889,241.642005,243.795836,246.647316,248.225979,250.039097,253.269027,257.828725,261.891198,267.199873,273.03706,280.394602,288.297159,298.170542,309.192835,321.391698,335.779577,352.057015,371.37552,392.773818,414.577412,440.912553,469.840547,500.549553,532.370364,568.740037,608.978888,648.044727,689.218351,731.02355,778.693241,827.599243,871.314345,911.447147,952.932385,998.724805,1051.015013,1088.838499,1131.444588,1164.776933,1211.419606,1256.284625,1282.210409,1321.598127,1360.670568,1412.083788,1441.587587,1497.60406,1530.910258,1572.051962,1621.596538,1667.495196,1717.212224,1769.768831,1824.438441,1880.617656,1940.426953,2003.93895,2070.509922,2140.426181,2214.450235,2294.0573,2380.454194,37.167501,20.051855,14.108725,12.043292,-0.650587,-1.696748,-1.12609,-8.336994,-13.781785,-13.817483,-18.709299,-21.011428,-24.574642,-30.212118,-34.334773,-38.265063,-42.541464,-48.446761,-53.707073,-60.666249,-67.314076,-75.493158,-85.855281,-96.590829,-107.920162,-120.49723,-134.019344,-148.358878,-163.586476,-180.396481,-195.360998,-214.191721,-231.721505,-250.919749,-270.718041,-289.393995,-308.120345,-325.52526,-341.549239,-359.729921,-374.473026,-388.917539,-397.420544,-408.366943,-413.313628,-419.802948,-424.986591,-425.127214,-427.371932,-431.261776,-430.641526,-434.951136,-431.999013,-437.28352,-443.919905,-446.081209,-451.791941,-463.634653,-475.298432,-485.756258,-503.247652,-520.778292,-540.087677,-564.350234,-589.074557,-617.951093,-648.894508,-682.890905,-721.669245,-761.970707,-810.978188,-855.760224,-913.126015,-971.979129,-1038.111393,-1108.394327
3B3GA4,1,223.222092,218.504564,223.427225,219.04932,220.486712,230.923284,237.549784,230.010194,234.372018,237.106502,237.675476,238.797921,240.393191,240.143055,242.497005,244.19205,245.469023,248.281331,250.512404,252.672012,257.863817,261.349717,266.552287,273.683756,279.694932,287.372354,297.715073,308.402841,321.530735,335.528997,351.930143,371.041422,391.731287,414.545945,439.531616,466.933241,498.253432,529.478333,565.303753,606.028194,642.877611,684.867742,727.829612,776.538192,815.729513,863.858238,906.895621,944.799701,985.700728,1038.312185,1075.069003,1119.232151,1150.560721,1193.569972,1241.154456,1267.684244,1304.375982,1342.817859,1390.640153,1422.992099,1477.488784,1514.259575,1553.11463,1601.170851,1647.145998,1695.744398,1751.657734,1802.69392,1861.010049,1920.780741,1983.616076,2046.68803,2119.331021,2190.356533,2272.689033,2359.803872,31.339626,21.363335,10.899091,3.804778,7.261324,-4.287099,-5.767149,-9.752513,-12.404001,-14.070334,-18.610388,-20.051237,-23.818609,-30.057041,-34.130821,-37.312161,-43.107948,-47.585086,-53.971641,-60.160019,-67.403695,-76.129008,-84.088576,-91.763985,-106.945476,-119.442207,-133.14641,-147.650901,-163.035142,-178.295869,-193.783455,-210.325254,-230.126167,-247.133295,-266.041193,-285.023729,-302.255447,-320.116437,-336.50678,-354.418148,-368.251671,-378.410357,-389.314502,-398.93482,-411.220537,-411.275727,-416.29582,-418.163553,-418.724246,-425.409848,-423.975489,-428.106775,-429.181679,-430.5389,-438.133316,-442.266554,-447.436703,-457.259654,-471.084547,-484.447561,-498.360913,-517.548473,-536.700519,-559.590291,-585.933169,-614.339505,-644.976115,-679.976916,-719.822047,-755.554111,-804.250537,-854.607526,-910.551348,-975.219616,-1034.837409,-1105.927502
2B3G2,0,220.034491,221.758672,220.469495,218.733264,222.398384,225.073799,225.750528,226.864267,227.093072,230.275129,231.454934,232.985291,233.913591,234.534895,235.770727,238.230731,240.241506,243.047137,245.529062,249.64569,253.72396,259.317571,265.698796,274.863264,282.799534,294.040414,307.165112,323.763285,343.146232,365.46949,391.472069,421.786141,452.631871,485.450305,520.1182,557.814489,593.953113,629.70182,662.882818,698.047528,726.95595,755.894147,781.183177,808.092164,830.839125,850.748486,868.893744,885.141584,905.533729,929.922265,945.12646,967.404585,979.196959,1001.98376,1027.672127,1039.083193,1061.50436,1085.322336,1116.837596,1134.873227,1168.568817,1193.917317,1225.616276,1259.926017,1295.678908,1334.765757,1376.508386,1422.772716,1469.086891,1521.908738,1579.279251,1638.500439,1704.182615,1776.313414,1849.420637,1928.847438,24.749201,24.510743,23.718748,5.670671,4.921755,-0.950557,-9.036827,-10.148803,-11.272822,-15.364257,-20.549646,-21.860251,-27.032881,-34.691776,-39.306102,-44.30486,-49.672843,-56.180006,-63.774906,-72.30312,-81.269571,-92.810446,-104.565742,-114.567088,-132.583625,-148.735408,-165.651665,-182.787967,-200.706718,-218.819252,-233.707818,-251.603207,-264.487134,-274.723939,-283.568187,-289.090121,-290.629792,-289.244478,-286.433369,-281.803497,-274.688685,-266.960448,-260.339276,-256.025961,-251.234535,-241.850196,-239.989521,-236.123726,-236.330467,-240.21774,-241.017853,-245.584358,-249.925928,-260.758362,-270.085177,-279.366231,-291.351363,-307.611635,-326.282706,-344.180046,-367.505101,-391.216756,-416.944968,-447.191159,-479.683332,-513.81887,-550.854221,-593.88893,-639.383047,-688.630023,-737.204735,-794.833397,-858.474192,-922.60145,-994.888613,-1072.155017
2B3G3,0,218.595014,214.473275,221.498098,210.111172,219.124936,224.589395,227.731652,227.037693,228.502203,228.614556,230.685366,231.929159,234.154982,233.963799,234.936957,237.325872,239.941447,242.186281,244.796235,248.863786,253.309567,258.535082,264.808523,272.045731,281.308957,293.367181,307.7464,323.717003,342.398733,364.530992,390.037036,419.656853,450.354442,482.69203,517.744195,555.081736,590.545181,624.210144,657.763844,692.479762,721.203451,750.059906,774.793968,800.898786,823.496922,842.520044,862.197712,876.46969,893.940915,922.415466,936.304232,956.596487,970.565774,992.342882,1020.417261,1030.189554,1052.347806,1075.378315,1108.040626,1122.4787,1162.727715,1187.477407,1218.146173,1253.190475,1289.208017,1329.317194,1371.802272,1416.300172,1463.291688,1520.380959,1573.673671,1636.853051,1701.090013,1771.169435,1848.976223,1928.178916,34.086742,17.188159,20.701292,16.579353,-0.676768,0.099975,-4.584513,-12.116098,-11.006242,-15.417937,-18.7638,-23.194939,-27.326002,-34.872811,-39.429313,-44.283753,-50.714398,-55.897817,-63.052598,-71.309806,-80.941764,-91.01655,-103.540613,-116.542672,-131.017051,-147.269686,-163.829216,-181.211913,-198.89335,-216.325367,-231.326245,-246.322451,-260.802572,-272.446739,-279.544786,-284.471962,-286.015932,-285.090361,-282.320404,-277.148031,-270.041408,-263.03291,-255.655505,-253.569225,-247.43684,-237.810965,-235.510896,-236.198984,-233.791042,-237.916018,-239.955233,-244.485942,-251.31783,-258.094568,-270.746825,-280.136562,-294.301603,-309.107697,-328.596224,-345.02052,-369.965453,-393.046721,-420.366137,-449.621433,-482.075477,-515.781621,-556.839674,-594.458809,-643.117382,-693.213429,-738.872139,-799.120876,-861.522623,-926.10978,-998.827968,-1075.753134
2B3G4,0,214.333089,217.089538,211.402342,224.152223,218.641269,225.512686,224.726337,228.846016,230.281617,229.384337,229.782343,232.477031,234.496557,233.583994,235.999219,237.095869,240.357882,242.642031,245.093728,248.039118,253.492276,257.450263,264.294602,272.224944,280.931674,292.568438,306.366143,322.750904,341.496808,363.552667,389.10409,417.878202,450.235245,483.715157,519.623958,556.688094,592.987307,628.506573,663.713568,699.017939,728.266152,756.561,782.06068,810.098268,831.210147,850.744234,873.367917,889.524112,904.83531,936.250042,948.633014,969.910489,985.715386,1001.575161,1034.306532,1045.948063,1069.750376,1092.673604,1122.009579,1143.235332,1173.848274,1201.895297,1233.252913,1268.5309,1305.010707,1343.247556,1384.162392,1433.301418,1483.994241,1535.097934,1585.758051,1654.443307,1716.80612,1787.135773,1864.431425,1948.887579,39.045602,29.415364,21.055937,12.009259,3.446646,-4.490761,-11.442561,-8.630572,-14.288196,-17.128928,-19.49004,-23.117973,-26.711741,-34.660289,-38.712327,-44.057774,-49.307571,-56.237822,-64.272101,-72.19779,-80.755279,-91.651209,-103.870305,-116.998097,-132.183005,-147.558985,-165.557645,-183.475366,-200.620669,-218.898348,-235.063155,-251.477867,-265.799086,-277.055143,-285.255652,-290.770556,-293.717777,-293.068558,-289.246615,-284.773186,-278.892415,-272.534723,-265.934665,-260.422956,-252.430359,-246.845154,-242.815132,-239.152955,-238.118035,-242.809301,-243.385687,-249.283886,-255.543893,-260.702446,-274.448269,-283.772658,-298.325367,-314.466543,-332.448602,-350.460295,-372.413243,-396.70275,-425.946196,-454.776338,-487.295722,-522.179854,-563.119851,-600.16279,-644.480973,-695.403009,-752.553284,-803.376048,-866.720859,-934.76544,-1003.300617,-1079.921778
2B3GA2,1,224.475912,221.692019,230.349849,224.661004,222.429098,229.169893,230.092121,237.645332,236.687501,238.105362,239.275925,240.890526,242.851185,242.205891,244.544967,247.630451,248.239214,251.694017,253.978836,258.045912,261.723537,265.827202,272.378093,277.962107,286.013806,297.263551,309.110952,323.45789,341.029588,362.748924,389.141086,420.14943,456.347238,493.892111,540.605045,589.304786,641.465933,694.008075,749.24179,806.384107,857.560313,908.721683,954.488676,1002.563687,1038.017837,1068.938259,1108.993719,1130.831854,1170.039661,1200.78574,1223.904961,1254.619215,1273.150689,1302.458077,1328.57281,1350.882169,1381.927139,1410.677625,1448.448698,1460.49092,1504.421505,1533.722059,1574.220195,1606.13195,1646.662603,1689.134153,1731.825813,1784.143039,1837.817767,1894.115706,1949.832401,2012.351076,2082.830539,2156.660321,2236.800314,2321.793319,30.796063,19.213234,18.091588,7.20604,3.944658,-6.270896,-7.869479,-12.842986,-13.632704,-16.072655,-22.588037,-25.007151,-30.724311,-37.361207,-41.846422,-46.450918,-53.015264,-59.415687,-67.745376,-76.735331,-86.526741,-98.05384,-111.575397,-126.09511,-142.812334,-162.561831,-183.828406,-206.001621,-229.504805,-255.332679,-280.109477,-307.021205,-334.29887,-359.237,-382.503073,-399.206774,-414.266568,-423.701435,-429.300605,-430.87567,-425.756167,-415.334363,-406.564077,-399.239145,-385.164982,-370.808609,-357.796201,-350.068833,-341.713729,-334.298614,-330.751325,-330.367886,-326.567513,-331.917395,-336.984176,-342.094345,-352.205133,-363.115531,-379.171231,-392.475416,-414.314161,-435.342623,-462.042154,-489.316165,-520.217616,-551.432079,-589.471939,-631.077396,-673.948022,-723.376175,-772.83683,-834.351381,-894.699592,-961.06036,-1032.259192,-1110.09438
2B3GA3,1,215.712502,227.835399,224.581539,226.545361,230.725198,228.110874,234.851562,233.535237,235.599,238.043627,239.354453,241.561511,242.032611,242.565259,244.321821,246.094325,249.170267,251.020817,254.359484,257.362716,261.248008,265.266532,270.762586,278.335501,286.919574,296.676878,309.20659,323.71552,340.965246,362.762184,388.995708,420.843466,456.580294,494.358551,539.006326,587.739242,638.395914,691.409843,745.826978,800.502115,849.893739,899.282202,944.893341,991.898454,1026.505181,1058.465475,1091.603673,1118.059073,1148.2734,1184.804468,1206.192224,1238.789277,1251.007838,1285.50046,1318.638636,1324.977868,1358.956958,1382.886186,1423.331077,1440.604983,1485.989718,1511.556916,1541.612918,1584.27858,1621.401294,1667.778097,1715.389568,1760.670366,1813.346345,1869.734636,1929.655046,1989.30042,2060.754339,2128.663715,2213.365065,2300.834654,31.646991,16.529076,20.237877,15.47417,3.7036,-2.725277,-9.287347,-13.29396,-14.80281,-17.237076,-21.490906,-26.146761,-29.229439,-36.198566,-41.978859,-46.20633,-52.739927,-59.853058,-66.385352,-76.732462,-86.044385,-97.208532,-110.861187,-125.338764,-143.230408,-161.524688,-181.839053,-204.502149,-228.456242,-253.27659,-277.80783,-305.058454,-330.203998,-355.451975,-374.640695,-394.77255,-410.446397,-417.790339,-420.862247,-422.763296,-417.332081,-410.177065,-397.162398,-390.984798,-380.299477,-360.96552,-352.163096,-340.215112,-333.732428,-330.636091,-325.471031,-326.387965,-323.444278,-326.851408,-335.685179,-338.969588,-349.048265,-361.102255,-377.817313,-394.337629,-414.368461,-436.066572,-460.987073,-489.375882,-520.127943,-555.149374,-588.730812,-632.357091,-675.235762,-722.171988,-775.833555,-835.505081,-893.967434,-961.649752,-1033.517484,-1110.404484
2B3GA4,1,221.623471,222.66272,231.965692,230.599116,229.893612,227.524215,228.994042,233.672081,234.601353,240.000839,240.15393,242.335497,242.303866,241.592644,243.657133,246.04487,248.432186,251.325775,253.857316,256.776638,261.007276,265.525849,271.182514,277.029177,285.385159,295.056687,308.211556,323.42537,341.399813,362.345427,388.697939,420.18793,455.036866,494.370616,538.376924,587.884494,638.039397,690.984474,744.277033,799.161468,848.868962,896.925144,938.632353,986.446853,1024.396592,1055.092027,1088.497566,1114.112581,1142.311881,1183.887478,1202.175712,1233.414814,1249.265386,1277.645191,1313.740982,1323.949033,1353.314832,1378.845162,1415.849802,1439.930507,1482.63306,1511.252688,1540.464305,1579.729093,1620.846132,1665.450718,1710.144032,1759.028095,1811.504863,1867.529956,1929.783735,1988.790663,2059.349858,2133.557154,2211.3837,2298.427361,27.28748,23.102801,11.868336,9.451309,2.531547,-4.485455,-8.736726,-8.931601,-16.774005,-16.837711,-20.321505,-24.702036,-29.886651,-36.648046,-40.838457,-46.180999,-52.284949,-58.98054,-67.421921,-75.940057,-85.303031,-97.525501,-110.741084,-125.599721,-142.649205,-161.002087,-182.371632,-203.956691,-227.470912,-253.19886,-277.273824,-305.77702,-330.559545,-353.905299,-374.907808,-392.104059,-408.354267,-414.970868,-420.36541,-421.477089,-416.170485,-408.151745,-398.526807,-384.92044,-377.838693,-363.417619,-356.048243,-343.937063,-334.339769,-330.812297,-324.64729,-323.692307,-325.73005,-328.951718,-334.967605,-339.949394,-350.322786,-362.197242,-379.187819,-393.124582,-415.462829,-437.217904,-462.591678,-490.875928,-522.549405,-556.26326,-596.533342,-633.207629,-677.782127,-726.298349,-778.101742,-836.311477,-894.835039,-963.004181,-1033.343367,-1110.93773
3B3G2,0,225.796161,227.504261,229.951259,218.452599,229.918433,227.790045,226.464091,233.246717,233.384521,234.925684,236.882732,237.502692,238.558695,238.567628,240.542161,242.745456,245.615658,248.958505,250.357042,253.401879,258.537721,262.525214,267.772626,274.81269,280.828741,290.035881,299.563603,310.565587,322.512675,336.515625,351.611491,370.001452,386.571326,405.876138,427.872893,451.659937,475.349119,499.869902,526.388734,556.61943,582.797586,612.978425,638.712171,670.451215,698.865184,727.156633,757.817983,777.793476,810.590599,841.326613,866.006522,894.624114,916.970849,945.468098,974.230586,1003.44611,1032.429748,1062.370227,1101.555055,1127.357144,1163.057616,1198.681414,1239.496599,1278.14778,1322.01546,1365.036398,1412.626322,1466.242517,1520.170248,1579.573562,1640.661999,1704.790462,1774.751181,1851.920977,1933.921372,2021.067167,26.018764,25.6098,14.579278,14.978282,9.805219,-4.451083,-3.811363,-7.495213,-9.857978,-14.745267,-14.668432,-18.659972,-21.634412,-29.263976,-31.755857,-35.817384,-40.69499,-45.076629,-50.38022,-55.999385,-62.122981,-71.157992,-78.212462,-83.692681,-97.901075,-107.695386,-117.701357,-129.177876,-140.106653,-151.905748,-161.667498,-174.302359,-185.229623,-196.853323,-208.993342,-220.656685,-231.278053,-239.865806,-248.406341,-256.522161,-263.18695,-270.10607,-274.369104,-280.90511,-281.03208,-282.234657,-286.3909,-290.336776,-294.083436,-300.148225,-305.335192,-310.814903,-317.192259,-326.584461,-336.854063,-346.281187,-359.906065,-376.436685,-394.169679,-410.570487,-432.077929,-456.178147,-482.847335,-510.781688,-541.427195,-576.678821,-612.316063,-652.49016,-697.484133,-744.137159,-793.798776,-853.543997,-921.930455,-981.563877,-1050.858803,-1129.634032
3B3G3,0,239.551511,221.329028,218.076668,228.45493,221.823622,224.335426,229.976684,232.540482,232.51887,233.530874,237.164105,237.792979,238.181753,238.453607,240.564294,243.204387,244.644064,248.043765,250.220498,253.692765,257.623138,262.383312,267.405963,273.851796,280.208691,289.231455,299.313779,309.86566,321.818459,335.862865,350.391583,368.697155,386.704978,406.051276,428.404319,451.705484,476.070576,502.684439,529.713524,559.854652,587.499151,617.383377,646.980777,680.086221,708.342916,736.142313,767.868357,794.159568,819.139604,857.753006,881.813135,914.502283,934.539119,965.521095,1002.091425,1021.438238,1050.925312,1081.979398,1122.803,1147.037734,1193.100151,1225.675105,1260.590997,1303.872211,1345.923644,1392.393768,1441.437314,1491.492627,1546.33574,1604.813992,1668.752208,1732.755045,1797.85691,1874.074603,1960.597506,2044.814434,39.31812,16.65363,18.433148,7.359454,3.103981,2.315838,-10.326022,-8.233181,-10.273542,-13.925415,-15.910974,-20.118446,-23.014787,-28.897359,-32.157475,-36.266206,-41.12827,-44.771672,-51.416174,-57.420362,-63.26917,-71.485302,-79.081491,-87.930447,-97.58634,-107.809992,-118.696529,-130.414126,-141.827453,-153.842037,-163.596887,-177.51364,-189.376901,-202.10699,-214.637516,-225.634686,-237.95839,-247.356868,-256.203142,-265.165047,-272.68247,-280.129095,-282.790727,-288.14658,-296.161079,-298.884263,-296.915002,-300.687715,-304.521338,-311.801059,-313.172084,-319.844706,-326.070622,-334.140449,-346.680098,-354.645046,-369.105157,-383.009935,-401.58251,-417.725775,-440.337513,-463.69101,-487.54783,-516.824019,-547.823955,-580.18503,-617.046286,-658.254596,-701.162335,-747.477765,-800.383126,-857.631695,-915.042915,-983.671034,-1056.53867,-1132.707204
3B3G4,0,224.07641,218.735116,227.497469,222.730581,220.245639,227.913681,227.84842,232.66538,233.208382,232.806381,233.357454,239.639284,238.118292,238.488166,240.933139,242.873725,245.217424,247.469785,249.923688,252.625477,256.543426,261.812327,265.917468,273.192229,280.399751,288.316431,299.070756,309.815415,321.880203,335.263336,350.638871,367.914793,387.006375,406.641813,429.088722,452.327382,477.635173,503.201593,531.912603,560.782945,589.623791,620.789363,652.753122,688.099976,716.842229,744.226318,772.659605,803.763072,828.112594,869.254687,891.222526,923.48029,949.525512,974.130096,1016.159356,1037.905608,1069.847752,1101.026041,1136.318766,1169.053102,1203.974988,1242.75114,1280.348718,1321.252319,1366.020987,1411.407958,1460.507861,1515.096524,1567.323235,1627.49281,1683.749339,1756.226355,1823.082475,1900.022819,1981.733044,2068.738401,37.595191,27.7516,18.738072,11.210008,3.433469,-1.71258,-0.38651,-7.811553,-10.506403,-12.922232,-16.629225,-18.830411,-23.126541,-29.101662,-32.441929,-36.719864,-40.700532,-45.49499,-51.873308,-57.703724,-62.977278,-71.17439,-78.913327,-88.226069,-97.895973,-108.565336,-119.914232,-131.702125,-143.210258,-155.126919,-165.611062,-179.304588,-191.980759,-204.677675,-216.797012,-230.333755,-241.993481,-250.718781,-261.329264,-270.261895,-278.012845,-284.373364,-291.677232,-295.996451,-297.974861,-300.403434,-306.302599,-307.477714,-310.270926,-316.885,-321.409799,-327.247527,-334.087269,-339.624202,-352.547544,-360.122333,-373.593029,-388.139601,-406.051206,-423.38519,-443.310559,-467.869582,-493.544841,-522.274756,-552.716169,-586.086009,-622.682664,-664.291799,-705.900654,-754.137226,-808.601895,-858.776535,-919.288987,-988.809884,-1058.845538,-1137.285563
BB3G2,0,209.346095,196.32909,199.955468,206.559192,209.791015,204.704149,211.423364,211.86904,212.956405,213.788174,213.953056,216.112094,216.942653,216.106169,218.426305,220.94009,222.597558,225.11143,228.341304,231.5962,237.363257,242.305376,248.59418,257.901956,265.96151,277.123349,289.692367,305.530668,321.873477,340.467098,361.487065,385.02757,407.442435,430.826575,453.911873,478.318136,501.654282,522.787689,542.436193,564.786748,583.730956,602.517059,618.832025,640.71863,654.084279,669.589266,685.806075,698.538129,717.144324,738.398454,753.354163,772.803833,786.596306,806.711761,832.257639,848.450113,871.594025,894.52188,925.788965,944.086088,981.275067,1009.094251,1040.054906,1077.122023,1114.007493,1155.457426,1198.64294,1245.515462,1295.188576,1348.605711,1408.057502,1471.947088,1536.17291,1609.898905,1690.719819,1777.297113,46.812459,23.294092,21.149131,5.601606,13.350182,-2.51619,-0.556546,-7.291519,-8.243717,-12.806579,-15.680311,-20.202606,-22.231554,-29.482208,-33.99947,-38.921498,-43.144234,-49.172163,-56.409206,-63.431706,-71.237956,-80.123064,-89.14844,-97.143535,-111.395308,-123.650794,-135.889442,-147.766394,-158.921619,-169.313277,-176.804197,-185.930459,-191.568572,-195.516613,-199.347518,-200.837864,-200.648841,-199.155176,-197.205976,-195.508839,-193.60148,-191.23127,-189.838041,-193.014342,-191.128251,-191.095589,-195.569617,-197.960097,-202.990769,-211.049891,-216.623295,-225.777749,-234.31124,-246.902692,-260.813192,-272.71112,-291.097095,-307.630512,-328.844941,-347.66812,-373.790507,-399.299301,-428.298914,-459.272199,-492.665687,-528.128455,-568.978285,-611.517264,-658.658712,-708.655607,-761.623268,-820.68873,-887.6158,-955.304042,-1027.106248,-1107.844889
BB3G3,0,211.189604,198.84518,194.762147,211.962182,205.746324,207.032965,207.196579,211.367573,212.707457,213.388803,213.700888,215.762166,215.576714,217.051954,218.25234,220.469117,222.648593,225.290423,228.465961,231.2752,236.314899,241.200693,247.390247,255.081496,264.608612,275.636461,289.395626,303.448912,321.231288,340.035107,361.098352,384.536448,408.180619,433.419713,457.772365,483.856298,509.334201,532.604246,554.905207,577.140978,597.668946,618.516631,635.353503,656.33922,673.120634,690.840651,706.678447,721.060048,734.342558,760.184296,773.785686,795.261589,810.082344,828.181154,857.285315,870.881603,897.278646,920.141577,942.468582,973.7377,997.848983,1030.925178,1064.355581,1099.249258,1137.273856,1176.470643,1223.015332,1267.420932,1319.388231,1371.706039,1428.802928,1496.483337,1564.697936,1637.222919,1712.821589,1798.111334,38.638344,31.774443,23.147156,16.948824,7.920522,4.920997,-2.341338,-6.629083,-9.076801,-11.992213,-15.741623,-20.348382,-24.411986,-30.299227,-33.654861,-39.044818,-44.291092,-49.909859,-56.467077,-63.298133,-71.360171,-80.918949,-90.290319,-101.269928,-112.466446,-126.0471,-138.559321,-151.171652,-164.061827,-174.764649,-184.028726,-193.573577,-201.4452,-206.975784,-210.313286,-213.087394,-212.593867,-212.202967,-210.036415,-208.842611,-204.972619,-204.668269,-203.083621,-203.046289,-199.553543,-200.884122,-202.392449,-204.528594,-209.435765,-216.826055,-222.128743,-230.770437,-240.859187,-251.483459,-265.526277,-276.865813,-293.948,-311.673579,-330.110458,-354.431058,-374.977374,-401.834976,-431.509332,-461.346572,-494.127845,-531.673464,-571.384292,-613.65029,-660.290856,-711.436619,-765.44575,-822.030974,-887.655267,-954.109768,-1030.10152,-1108.58726
BB3G4,0,207.015264,196.763512,205.99118,194.240114,208.847733,208.85538,205.400933,210.933874,211.203006,211.586751,213.650382,215.031662,216.106339,216.503376,218.13196,220.723565,222.519912,225.154713,227.388889,230.74476,236.677109,241.391329,246.675053,255.885162,263.888285,274.814294,287.745301,302.247652,319.165018,338.843562,359.891158,383.738009,409.117805,433.665511,459.421189,486.260354,512.153555,536.516844,559.492388,583.261881,605.55178,624.441212,645.875369,666.614888,683.966223,701.240711,717.868236,733.051076,746.015071,773.250734,786.209156,807.690018,823.441256,840.771844,868.977014,883.600544,911.916881,934.347372,955.672214,990.010654,1010.787934,1043.410195,1078.425432,1112.034325,1149.265585,1190.791729,1234.150042,1279.847534,1329.784558,1384.384456,1444.51238,1504.004366,1572.774217,1642.960043,1726.394233,1808.608907,40.051644,32.293917,15.542658,11.962501,10.987546,0.829591,0.722139,-5.444402,-10.534519,-12.669308,-16.584932,-20.908819,-23.927263,-29.793824,-34.535896,-38.574214,-44.336787,-49.562964,-56.461553,-64.153406,-71.24282,-80.707203,-90.963114,-99.558581,-114.023011,-126.70506,-139.866146,-153.28369,-165.445854,-177.77161,-187.063658,-196.875897,-206.206243,-211.539881,-215.688071,-218.276084,-218.919605,-219.103992,-216.444354,-214.075124,-212.451134,-209.526082,-207.198444,-205.690926,-204.797965,-206.227156,-206.824196,-209.491465,-213.386811,-221.084938,-226.707885,-234.635841,-243.68114,-253.239362,-267.911451,-280.114046,-296.465757,-314.360034,-332.881385,-354.870534,-377.326981,-403.455695,-432.462446,-462.290725,-495.597588,-532.860055,-571.893271,-613.961936,-661.65423,-710.405159,-764.466703,-824.214688,-890.216853,-953.806531,-1031.908645,-1108.26449
BB3GA3,1,211.591883,208.001798,190.771813,206.248389,205.211032,205.517234,204.544633,209.591726,210.417339,209.503394,212.643268,213.66226,213.748769,214.460954,214.654041,217.142382,218.981526,221.549367,223.911706,227.006457,230.009345,234.245058,238.664173,244.452212,251.990167,260.459355,270.886597,284.323547,300.043701,318.879324,342.555268,368.861934,400.005697,434.635097,474.019942,516.529478,563.175513,610.545878,659.117587,709.967733,757.581582,805.267146,847.486649,891.085971,928.761348,963.37588,996.633957,1025.92574,1054.547121,1095.628336,1118.514241,1152.013026,1169.206199,1199.578542,1236.630578,1249.097761,1280.122432,1305.415664,1341.927396,1365.892278,1410.256344,1436.588878,1470.260914,1508.81695,1547.567913,1591.072433,1636.416864,1685.285205,1738.536958,1790.042458,1851.599725,1914.572713,1987.090545,2058.792447,2136.680153,2222.782612,44.979576,20.766205,18.412781,17.000442,10.101818,-0.941127,-0.823832,-4.549619,-10.624322,-13.112921,-16.753261,-19.602568,-23.650008,-30.682938,-34.901245,-40.021593,-45.937802,-52.316876,-58.844276,-67.147392,-76.160895,-86.24049,-97.878937,-112.069882,-127.051806,-144.676195,-162.186353,-183.316438,-204.527719,-227.272848,-249.470733,-275.09134,-298.785665,-321.271352,-343.608734,-362.772054,-375.952019,-387.495647,-393.754528,-399.187849,-398.31483,-395.173036,-385.308234,-382.053899,-373.181798,-362.010717,-354.20047,-348.05699,-341.187822,-339.46997,-334.719867,-335.848457,-333.732982,-336.315243,-345.76528,-349.999987,-358.199283,-371.591528,-386.433529,-400.718793,-421.542634,-443.935029,-470.169754,-496.469252,-528.466267,-561.516458,-599.679979,-637.073381,-683.258546,-729.975429,-783.665674,-842.055078,-903.629874,-966.044279,-1041.206149,-1119.262515
BB3GA4,1,201.526999,191.788147,201.986574,197.436882,199.260511,205.476468,205.235689,207.808007,210.451876,209.956216,210.810233,212.39969,214.183985,214.509386,215.775496,216.741402,219.407628,222.079227,224.196929,225.892348,230.543282,234.139701,239.038781,244.845962,251.759926,260.497394,271.9346,284.473507,300.376494,318.99108,343.028829,369.003922,400.682375,435.933042,473.608053,517.122852,561.85507,607.653345,655.195586,704.56152,747.990882,793.028521,832.403243,878.198821,915.013922,946.862843,978.319639,1007.610263,1034.710903,1076.21427,1096.941293,1127.024804,1147.178403,1172.021245,1210.359594,1224.148896,1252.525453,1278.616584,1314.394585,1339.675129,1378.47024,1410.926815,1442.477816,1481.739905,1522.102853,1564.710403,1608.826802,1658.257469,1706.787938,1765.378459,1817.144128,1886.242562,1959.441558,2028.342915,2109.185239,2193.811435,37.717602,32.933895,16.429138,13.573076,8.741307,-3.560919,-4.063322,-9.133262,-9.906023,-11.59575,-16.315403,-20.587491,-24.368623,-31.614241,-35.596683,-39.474013,-46.195372,-52.858901,-59.351748,-66.962092,-76.189055,-86.501549,-98.163154,-111.748302,-127.115739,-143.143679,-161.679531,-181.097164,-202.806235,-225.296297,-247.365638,-271.830064,-295.240229,-316.979177,-336.758882,-352.745746,-367.190765,-376.658733,-382.802464,-386.001501,-386.522299,-378.576932,-373.920438,-370.745708,-363.723901,-354.696058,-343.712037,-338.780197,-329.960319,-330.662117,-326.360552,-327.48218,-328.876299,-331.635846,-338.792492,-345.445933,-354.885596,-367.327339,-382.258371,-396.070461,-418.089606,-442.26444,-466.529438,-493.718603,-524.980179,-560.069439,-596.13439,-636.439277,-681.698355,-731.24563,-786.758999,-836.635863,-901.460767,-965.306039,-1039.948723,-1116.886214
BB3GA5,1,195.857675,203.25063,204.461371,198.682995,200.510995,203.982201,206.607772,207.91755,208.317201,210.99696,210.978477,213.752659,213.466652,213.691303,215.365498,216.799958,218.916877,221.54519,222.584167,226.443943,229.60795,234.724763,239.198255,244.514584,251.991845,261.143772,271.855611,285.514292,300.75487,319.696441,343.398728,370.492933,401.1977,435.395519,474.456992,516.730287,561.253654,607.2803,655.383885,703.614485,748.454988,790.831527,830.157426,874.573564,913.752345,942.419097,976.427975,1004.393157,1027.639375,1071.349565,1090.431975,1120.450218,1141.859479,1163.556062,1204.89343,1219.327129,1247.678055,1275.057147,1306.525196,1336.339934,1366.341407,1402.450414,1436.879737,1472.899907,1513.526979,1557.295178,1603.197295,1649.762391,1701.65503,1750.620235,1817.341823,1879.60163,1950.220419,2020.036991,2099.000854,2185.024,40.185319,33.315246,15.934011,19.652712,6.892576,-2.275242,2.461161,-6.809788,-9.815223,-13.22441,-17.709112,-20.892774,-23.372201,-30.978784,-35.626977,-40.358262,-45.437128,-51.724749,-58.368335,-66.574931,-75.857277,-86.111308,-98.341614,-111.777957,-126.067694,-142.620085,-162.199919,-181.349274,-202.247092,-224.906831,-245.969442,-269.116573,-293.286107,-315.45314,-335.901234,-351.867001,-365.04895,-374.447709,-380.707486,-383.885564,-382.516598,-379.05479,-371.283435,-363.084868,-358.209075,-352.420509,-342.766403,-333.026335,-327.869706,-327.311144,-323.400966,-324.390278,-327.502966,-330.381452,-338.560377,-341.938648,-355.287136,-367.629934,-381.278596,-397.981759,-416.276053,-440.566412,-465.861031,-492.029296,-523.648845,-556.392232,-596.737216,-637.499022,-682.274568,-733.020737,-781.043179,-839.435709,-894.614568,-969.326657,-1041.077931,-1117.996468
